No.,SAMPLE_ID,식품명,Unnamed: 3,제조사,조사년도,식품분류,식품상세분류,식품코드,출처,1포장당,에너지(Kcal),에너지(kj),단백질(g),지질(g),탄수화물(g),총당류(g),나트륨(mg),콜레스테롤(mg),총 포화 지방산(g),총 포화 지방산(%),트랜스 지방산(g)
1,P064392-ZZ-AVG,NEW 공화춘곱빼기,,(주) 팔도,2021,가공식품,유탕면,P064392,식약처('21),230,745.0,-,14,36,91,7,1230,10,15,-,0
2,P064393-ZZ-AVG,NEW 공화춘자장컵,,(주) 팔도,2021,가공식품,유탕면,P064393,식약처('21),200,620.0,-,11,31,74,7,1130,10,12,-,0
3,P064394-ZZ-AVG,강릉 교동반점 직화짬뽕소컵,,(주) 팔도,2021,가공식품,유탕면,P064394,식약처('21),65,290.0,-,6,12,39,3,1040,5,6,-,0
4,P064395-ZZ-AVG,꼬꼬누룽지탕면,,(주) 팔도,2021,가공식품,유탕면,P064395,식약처('21),120,505.0,-,9,13,88,4,1670,2,6,-,0
5,P064396-ZZ-AVG,뉴트리 클로렐라컵면,,(주) 팔도,2021,가공식품,유탕면,P064396,식약처('21),65,300.0,-,6,12,41,1,940,8,6,-,0
6,P064397-ZZ-AVG,뉴트리김치찌개면,,(주) 팔도,2021,가공식품,유탕면,P064397,식약처('21),140,480.0,-,6,20,66,1,1870,3.5,11,-,0
7,P064398-ZZ-AVG,더왕뚜껑컵 순한맛,,(주) 팔도,2021,가공식품,유탕면,P064398,식약처('21),101,420.0,-,8,13,68,4,1690,0,6,-,0
8,P064399-ZZ-AVG,독도사랑새우맛라면,,(주) 팔도,2021,가공식품,유탕면,P064399,식약처('21),105,450.0,-,11,14,70,4,1790,33,7,-,0
9,P064400-ZZ-AVG,민생라면컵,,(주) 팔도,2021,가공식품,유탕면,P064400,식약처('21),80,350.0,-,7,12,53,2,1470,0,2.6,-,0
10,P064401-ZZ-AVG,봉희설렁탕컵,,(주) 팔도,2021,가공식품,유탕면,P064401,식약처('21),110,525.0,-,8,25,67,3,1780,0,13,-,0
11,P064402-ZZ-AVG,뽀로로스파게티,,(주) 팔도,2021,가공식품,유탕면,P064402,식약처('21),65,295.0,-,5,12,42,6,610,0,6,-,0
12,P064403-ZZ-AVG,뽀로로짜장,,(주) 팔도,2021,가공식품,유탕면,P064403,식약처('21),65,290.0,-,6,11,42,4,600,0,5,-,0
13,P064404-ZZ-AVG,왕뚜껑컵,,(주) 팔도,2021,가공식품,유탕면,P064404,식약처('21),65,285.0,-,5,9,46,3,1050,0,4.3,-,0
14,P064405-ZZ-AVG,육개장 컵라면,,(주) 팔도,2021,가공식품,유탕면,P064405,식약처('21),79,345.0,-,7,11,55,3,1460,0,5,-,0
15,P064406-ZZ-AVG,일품해물라면 왕컵,,(주) 팔도,2021,가공식품,유탕면,P064406,식약처('21),110,470.0,-,11,15,73,4,1620,9,7,-,0
16,P064407-ZZ-AVG,일품해물라면컵,,(주) 팔도,2021,가공식품,유탕면,P064407,식약처('21),65,275.0,-,6,8,45,3,990,11,4.1,-,0
17,P064408-ZZ-AVG,팔도 mini 우동 왕뚜껑,,(주) 팔도,2021,가공식품,유탕면,P064408,식약처('21),80,375.0,-,7,13,58,3,1260,0,6,-,0
18,P064409-ZZ-AVG,팔도 mini왕뚜껑,,(주) 팔도,2021,가공식품,유탕면,P064409,식약처('21),80,355.0,-,6,15,49,3,1240,0,7,-,0
19,P064410-ZZ-AVG,팔도 가쓰오우동왕뚜껑,,(주) 팔도,2021,가공식품,유탕면,P064410,식약처('21),110,490.0,-,8,20,70,4,1580,0,10,-,0
20,P064411-ZZ-AVG,팔도 김치왕뚜껑,,(주) 팔도,2021,가공식품,유탕면,P064411,식약처('21),110,470.0,-,8,17,71,4,1790,0,9,-,0
21,P064412-ZZ-AVG,팔도 왕뚜껑,,(주) 팔도,2021,가공식품,유탕면,P064412,식약처('21),110,475.0,-,9,17,71,4,1690,0,9,-,0
22,P064413-ZZ-AVG,팔도 틈새라면 볶음면 컵,,(주) 팔도,2021,가공식품,유탕면,P064413,식약처('21),105,430.0,-,8,16,64,6,990,2,7,-,0
23,P064414-ZZ-AVG,팔도비빔면컵,,(주) 팔도,2021,가공식품,유탕면,P064414,식약처('21),115,465.0,-,8,18,68,14,1190,0,9,-,0
24,P064415-ZZ-AVG,팔도탄탄면 왕컵,,(주) 팔도,2021,가공식품,유탕면,P064415,식약처('21),116,500.0,-,11,22,65,4,1700,2,10,-,0
25,P064416-ZZ-AVG,편스토랑 마장면,,(주) 팔도,2021,가공식품,유탕면,P064416,식약처('21),123,515.0,-,10,18,78,11,1180,0,7,-,0
26,P064417-ZZ-AVG,편스토랑 파래탕면,,(주) 팔도,2021,가공식품,유탕면,P064417,식약처('21),103,440.0,-,10,16,64,2,1730,15,8,-,0
27,P064418-ZZ-AVG,우유라면,,(주) 팔도,2021,가공식품,유탕면,P064418,식약처('21),105,440.0,-,9,15,67,6,1530,2.4,8,-,0
28,P065193-ZZ-AVG,감자면큰사발면,,(주)농심,2021,가공식품,유탕면,P065193,식약처('21),92,405.0,-,6,15,62,5,1450,0,10,-,0
29,P065194-ZZ-AVG,김치사발면,,(주)농심,2021,가공식품,유탕면,P065194,식약처('21),86,380.0,-,7,14,56,5,1520,0,7,-,0
30,P065195-ZZ-AVG,김치큰사발면,,(주)농심,2021,가공식품,유탕면,P065195,식약처('21),112,500.0,-,9,18,75,6,1590,3,9,-,0
31,P065196-ZZ-AVG,너구리컵,,(주)농심,2021,가공식품,유탕면,P065196,식약처('21),62,280.0,-,5,10,42,4,940,0,5,-,0
32,P065197-ZZ-AVG,너구리큰사발면,,(주)농심,2021,가공식품,유탕면,P065197,식약처('21),111,515.0,-,9,21,72,4,1550,0,10,-,0
33,P065198-ZZ-AVG,마라고수(高手)마라탕면,,(주)농심,2021,가공식품,유탕면,P065198,식약처('21),97,445.0,-,8,18,63,5,1620,0,8,-,0
34,P065199-ZZ-AVG,무파마탕면큰사발면,,(주)농심,2021,가공식품,유탕면,P065199,식약처('21),112,495.0,-,9,17,76,4,1570,0,8,-,0
35,P065200-ZZ-AVG,보글보글부대찌개컵,,(주)농심,2021,가공식품,유탕면,P065200,식약처('21),65,290.0,-,5,10,45,2,1210,0,6,-,0
36,P065201-ZZ-AVG,보글보글부대찌개큰사발면,,(주)농심,2021,가공식품,유탕면,P065201,식약처('21),109,480.0,-,9,16,75,5,1690,5,8,-,0
37,P065202-ZZ-AVG,볶음너구리큰사발면,,(주)농심,2021,가공식품,유탕면,P065202,식약처('21),110,515.0,-,10,22,69,6,1090,3,9,-,0
38,P065203-ZZ-AVG,사리곰탕컵,,(주)농심,2021,가공식품,유탕면,P065203,식약처('21),61,275.0,-,5,10,41,2,1050,0,5,-,0
39,P065204-ZZ-AVG,사리곰탕큰사발면,,(주)농심,2021,가공식품,유탕면,P065204,식약처('21),111,490.0,-,8,17,76,3,1590,0,8,-,0
40,P065205-ZZ-AVG,사천짜파게티큰사발면,,(주)농심,2021,가공식품,유탕면,P065205,식약처('21),115,535.0,-,9,20,80,8,1010,0,9,-,0
41,P065206-ZZ-AVG,새우탕컵,,(주)농심,2021,가공식품,유탕면,P065206,식약처('21),67,290.0,-,5,11,43,3,1210,5,6,-,0
42,P065207-ZZ-AVG,새우탕큰사발면,,(주)농심,2021,가공식품,유탕면,P065207,식약처('21),115,510.0,-,10,18,77,5,1590,10,9,-,0
43,P065208-ZZ-AVG,순한너구리컵,,(주)농심,2021,가공식품,유탕면,P065208,식약처('21),63,275.0,-,5,9,43,4,1210,0,5,-,0
44,P065209-ZZ-AVG,辛라면 BLACK(컵),,(주)농심,2021,가공식품,유탕면,P065209,식약처('21),101,440.0,-,9,15,67,4,1450,0,8,-,0
45,P065210-ZZ-AVG,신라면 큰사발면,,(주)농심,2021,가공식품,유탕면,P065210,식약처('21),114,500.0,-,9,17,75,6,1550,0,8,-,0
46,P065211-ZZ-AVG,신라면블랙사발,,(주)농심,2021,가공식품,유탕면,P065211,식약처('21),101,445.0,-,9,15,68,5,1530,10,7,-,0
47,P065212-ZZ-AVG,신라면블랙사발 두부김치,,(주)농심,2021,가공식품,유탕면,P065212,식약처('21),94,400.0,-,7,13,64,7,1710,3,7,-,0
48,P065213-ZZ-AVG,신라면컵,,(주)농심,2021,가공식품,유탕면,P065213,식약처('21),65,300.0,-,5,10,47,3,1290,0,5,-,0
49,P065214-ZZ-AVG,안성탕면컵,,(주)농심,2021,가공식품,유탕면,P065214,식약처('21),66,290.0,-,5,11,43,3,1000,0,6,-,0
50,P065215-ZZ-AVG,앵그리짜파구리큰사발면,,(주)농심,2021,가공식품,유탕면,P065215,식약처('21),108,500.0,-,8,19,74,9,1230,3,8,-,0
51,P065216-ZZ-AVG,양념치킨큰사발면,,(주)농심,2021,가공식품,유탕면,P065216,식약처('21),122,500.0,-,9,19,73,16,1120,0,7,-,0
52,P065217-ZZ-AVG,오징어짬뽕컵,,(주)농심,2021,가공식품,유탕면,P065217,식약처('21),67,290.0,-,6,9,46,5,1240,13,5,-,0
53,P065218-ZZ-AVG,오징어짬뽕큰사발면,,(주)농심,2021,가공식품,유탕면,P065218,식약처('21),115,525.0,-,9,19,79,10,1590,18,10,-,0
54,P065219-ZZ-AVG,우육탕큰사발면,,(주)농심,2021,가공식품,유탕면,P065219,식약처('21),115,520.0,-,10,19,77,5,1590,3,10,-,0
55,P065220-ZZ-AVG,육개장사발면,,(주)농심,2021,가공식품,유탕면,P065220,식약처('21),86,375.0,-,7,15,53,4,1590,0,7,-,0
56,P065221-ZZ-AVG,육개장큰사발면,,(주)농심,2021,가공식품,유탕면,P065221,식약처('21),110,490.0,-,9,18,73,5,1610,3,9,-,0
57,P065222-ZZ-AVG,짜왕매운맛큰사발면,,(주)농심,2021,가공식품,유탕면,P065222,식약처('21),104,470.0,-,7,18,70,6,1020,0,8,-,0
58,P065223-ZZ-AVG,짜왕큰사발면,,(주)농심,2021,가공식품,유탕면,P065223,식약처('21),105,495.0,-,9,19,72,9,990,0,8,-,0
59,P065224-ZZ-AVG,짜파게티맛국물라볶이용기,,(주)농심,2021,가공식품,유탕면,P065224,식약처('21),199,630.0,-,8,20,105,14,1500,10,9,-,0
60,P065225-ZZ-AVG,짜파게티범벅,,(주)농심,2021,가공식품,유탕면,P065225,식약처('21),70,315.0,-,6,10,50,6,850,3,4.6,-,0
61,P065226-ZZ-AVG,짜파게티큰사발면,,(주)농심,2021,가공식품,유탕면,P065226,식약처('21),123,550.0,-,10,19,85,8,1220,0,9,-,0
62,P065227-ZZ-AVG,참치마요큰사발면,,(주)농심,2021,가공식품,유탕면,P065227,식약처('21),119,530.0,-,9,25,67,5,930,10,8,-,0
63,P065228-ZZ-AVG,콘치즈면,,(주)농심,2021,가공식품,유탕면,P065228,식약처('21),104,480.0,-,9,18,70,7,1030,0,8,-,0
64,P065229-ZZ-AVG,튀김우동컵,,(주)농심,2021,가공식품,유탕면,P065229,식약처('21),62,315.0,-,4,15,41,4,1200,0,5,-,0
65,P065230-ZZ-AVG,튀김우동큰사발면,,(주)농심,2021,가공식품,유탕면,P065230,식약처('21),111,515.0,-,9,21,73,8,1590,3,10,-,0
66,P065231-ZZ-AVG,특육개장큰사발면,,(주)농심,2021,가공식품,유탕면,P065231,식약처('21),103,460.0,-,8,18,67,5,1570,9,9,-,0
67,P065232-ZZ-AVG,해물안성탕면컵,,(주)농심,2021,가공식품,유탕면,P065232,식약처('21),66,290.0,-,5,11,43,5,1250,0,6,-,0
300,P035100-ZZ-AVG,해물안성탕면,,(주)농심,2020,가공식품,유탕면,P035100,식약처('20),112,485.0,-,-,-,-,5,1790,-,8,-,0
305,P035519-ZZ-AVG,냉라면,,(주)농심,2020,가공식품,유탕면,P035519,식약처('20),164,620.0,-,12,18,103,22,1790,-,9,-,0
306,P035520-ZZ-AVG,농심사리면,,(주)농심,2020,가공식품,유탕면,P035520,식약처('20),110,490.0,-,8,17,76,1,390,-,8,-,0
321,P037346-ZZ-AVG,앵그리너구리,,(주)농심,2020,가공식품,유탕면,P037346,식약처('20),121,500.0,-,9,14,85,5,1690,3,8,-,0
334,P038245-ZZ-AVG,칼빔면,,(주)농심,2020,가공식품,유탕면,P038245,식약처('20),144,595.0,-,9,21,92,15,1400,3,9,-,0
506,P042066-ZZ-AVG,미니컵면 가쓰오우동맛,,(주)농심,2020,가공식품,유탕면,P042066,식약처('20),43,200.0,-,3,9,27,3,1010,0,4,-,0
513,P042090-ZZ-AVG,미니컵면 시원한해장국맛,,(주)농심,2020,가공식품,유탕면,P042090,식약처('20),44,190.0,-,3,8,27,2,1050,0,4,-,0
515,P042093-ZZ-AVG,보글보글부대찌개컵면,,(주)농심,2020,가공식품,유탕면,P042093,식약처('20),65,290.0,-,5,10,45,2,1210,0,6,-,0
521,P042196-ZZ-AVG,마늘면볶이,,(주)농심,2020,가공식품,유탕면,P042196,식약처('20),111,460.0,-,7,14,76,14,1120,0,7,-,0
523,P042216-ZZ-AVG,오징어짬뽕큰사발,,(주)농심,2020,가공식품,유탕면,P042216,식약처('20),115,525.0,-,9,19,79,10,1590,18,10,-,0
526,P042224-ZZ-AVG,짜왕큰사발,,(주)농심,2020,가공식품,유탕면,P042224,식약처('20),105,495.0,-,9,19,72,9,990,0,8,-,0
529,P042230-ZZ-AVG,튀김우동큰사발,,(주)농심,2020,가공식품,유탕면,P042230,식약처('20),111,515.0,-,9,21,73,8,1590,3,10,-,0
535,P042256-ZZ-AVG,앵그리알티에이(RtA)큰사발면,,(주)농심,2020,가공식품,유탕면,P042256,식약처('20),114,515.0,-,9,20,75,6,1720,3,10,-,0
538,P042259-ZZ-AVG,볶음너구리큰사발,,(주)농심,2020,가공식품,유탕면,P042259,식약처('20),110,515.0,-,10,22,69,6,1090,3,9,-,0
549,P042293-ZZ-AVG,감자탕큰사발면,,(주)농심,2020,가공식품,유탕면,P042293,식약처('20),105,485.0,-,9,19,69,5,1590,0,7,-,0
562,P023571-ZZ-AVG,신라면,,(주)농심,2019,가공식품,유탕면,P023571,식약처('19),120,500.0,-,10,16,79,4,1790,0,9,-,0
563,P023572-ZZ-AVG,올리브짜파게티,,(주)농심,2019,가공식품,유탕면,P023572,식약처('19),140,610.0,-,11,20,97,6,1180,0,8,-,0
566,P023575-ZZ-AVG,농심 사리면,,(주)농심,2019,가공식품,유탕면,P023575,식약처('19),110,490.0,-,8,16,79,1,420,0,8,-,0
567,P023576-ZZ-AVG,얼큰한너구리,,(주)농심,2019,가공식품,유탕면,P023576,식약처('19),120,515.0,-,9,17,81,4,1700,0,8,-,0
568,P023577-ZZ-AVG,새우탕큰사발,,(주)농심,2019,가공식품,유탕면,P023577,식약처('19),115,500.0,-,10,17,77,4,1710,10,9,-,0
570,P023579-ZZ-AVG,짜파게티큰사발,,(주)농심,2019,가공식품,유탕면,P023579,식약처('19),123,560.0,-,10,20,85,8,1270,0,9,-,0
571,P023580-ZZ-AVG,신라면큰사발,,(주)농심,2019,가공식품,유탕면,P023580,식약처('19),114,490.0,-,9,17,75,17,1550,0,8,-,0
572,P023581-ZZ-AVG,무파마탕면,,(주)농심,2019,가공식품,유탕면,P023581,식약처('19),122,510.0,-,10,15,84,5,1720,0,8,-,0
574,P023583-ZZ-AVG,안성탕면,,(주)농심,2019,가공식품,유탕면,P023583,식약처('19),125,525.0,-,11,17,82,3,1790,0,9,-,0
576,P023585-ZZ-AVG,사천짜파게티,,(주)농심,2019,가공식품,유탕면,P023585,식약처('19),137,600.0,-,11,21,92,8,1080,0,8,-,0
583,P023592-ZZ-AVG,신라면블랙,,(주)농심,2019,가공식품,유탕면,P023592,식약처('19),134,575.0,-,12,18,91,8,1780,10,9,-,0
585,P023594-ZZ-AVG,튀김우동면,,(주)농심,2019,가공식품,유탕면,P023594,식약처('19),118,495.0,-,9,16,79,8,1760,3,8,-,0
588,P023597-ZZ-AVG,오징어짬뽕,,(주)농심,2019,가공식품,유탕면,P023597,식약처('19),124,510.0,-,10,15,84,6,1750,12,8,-,0
602,P023611-ZZ-AVG,볶음너구리,,(주)농심,2019,가공식품,유탕면,P023611,식약처('19),137,610.0,-,12,24,87,9,1280,3,8,-,0
604,P023613-ZZ-AVG,사리곰탕면,,(주)농심,2019,가공식품,유탕면,P023613,식약처('19),110,475.0,-,11,15,74,6,1700,0,8,-,0
605,P023614-ZZ-AVG,찰비빔면,,(주)농심,2019,가공식품,유탕면,P023614,식약처('19),130,555.0,-,9,22,80,15,1060,0,10,-,0
606,P023615-ZZ-AVG,보글보글부대찌개면,,(주)농심,2019,가공식품,유탕면,P023615,식약처('19),127,545.0,-,11,17,87,5,1850,5,8,-,0
610,P023619-ZZ-AVG,짜왕,,(주)농심,2019,가공식품,유탕면,P023619,식약처('19),134,605.0,-,10,22,92,8,1180,0,9,-,0
611,P023620-ZZ-AVG,순한너구리,,(주)농심,2019,가공식품,유탕면,P023620,식약처('19),120,500.0,-,9,15,82,4,1480,3,8,-,0
622,P023631-ZZ-AVG,맛짬뽕,,(주)농심,2019,가공식품,유탕면,P023631,식약처('19),130,575.0,-,9,21,87,6,1780,10,9,-,0
629,P023638-ZZ-AVG,짜왕매운맛,,(주)농심,2019,가공식품,유탕면,P023638,식약처('19),140,625.0,-,10,23,94,7,1250,0,10,-,0
642,P023651-ZZ-AVG,농심감자면,,(주)농심,2019,가공식품,유탕면,P023651,식약처('19),117,505.0,-,11,17,77,4,1750,0,8,-,0
643,P023652-ZZ-AVG,감자탕면,,(주)농심,2019,가공식품,유탕면,P023652,식약처('19),133,565.0,-,13,18,88,6,1770,0,9,-,0
646,P023655-ZZ-AVG,우육탕면,,(주)농심,2019,가공식품,유탕면,P023655,식약처('19),123,525.0,-,9,17,84,6,1790,0,8,-,0
663,P023673-ZZ-AVG,짜왕매운맛큰사발,,(주)농심,2019,가공식품,유탕면,P023673,식약처('19),104,490.0,-,8,19,72,8,990,0,8,-,0
678,P023689-ZZ-AVG,모듬해물탕면,,(주)농심,2019,가공식품,유탕면,P023689,식약처('19),125,540.0,-,10,17,87,4,1750,2,9,-,0
710,P023721-ZZ-AVG,양념치킨면,,(주)농심,2019,가공식품,유탕면,P023721,식약처('19),150,620.0,-,12,24,89,18,1250,0,9,-,0
719,P023730-ZZ-AVG,육개장라면,,(주)농심,2019,가공식품,유탕면,P023730,식약처('19),116,515.0,-,11,18,77,2,1780,2,9,-,0
794,P001813-ZZ-AVG,신라면 블랙,,(주)농심,2018,가공식품,유탕면,P001813,식약처 영양실태조사('18),134,575.0,-,12,18,91,8,1780,10,9,-,0
795,P001814-ZZ-AVG,보글보글 부대찌개면,,(주)농심,2018,가공식품,유탕면,P001814,식약처 영양실태조사('18),127,545.0,-,10,18,86,6,1850,5,9,-,0
796,P001967-ZZ-AVG,농심 감자면,,(주)농심,2018,가공식품,유탕면,P001967,식약처 영양실태조사('18),117,505.0,-,11,17,77,4,1750,0,8,-,0
797,P001968-ZZ-AVG,육개장 라면,,(주)농심,2018,가공식품,유탕면,P001968,식약처 영양실태조사('18),116,515.0,-,11,18,77,3,1780,3,9,-,0
819,P010466-ZZ-AVG,새우탕 큰사발,,(주)농심,2017,가공식품,유탕면,P010466,식약처 산업체제공('17),115,500.0,-,10,17,77,4,1590,10,9,-,0
823,P010471-ZZ-AVG,튀김우동 큰사발,,(주)농심,2017,가공식품,유탕면,P010471,식약처 산업체제공('17),111,490.0,-,8,18,73,6,1590,0,9,-,0
825,P012011-ZZ-AVG,짜장큰사발,,(주)농심,2017,가공식품,유탕면,P012011,식약처 산업체제공('17),80,272.64,-,5.25,10.56,37.7,4.16,938.88,0,-,-,0
830,P014334-ZZ-AVG,고추비빔면,,(주)농심,2017,가공식품,유탕면,P014334,식약처 산업체제공('17),120,468.64,-,6.82,18.75,68.16,7.2,962.84,0,9.37,-,0
837,P014342-ZZ-AVG,김치큰사발,,(주)농심,2017,가공식품,유탕면,P014342,식약처 산업체제공('17),80,274.29,-,5.14,9.14,42.86,2.29,817.14,0,4.57,-,0
843,P014348-ZZ-AVG,너구리 큰사발,,(주)농심,2017,가공식품,유탕면,P014348,식약처 산업체제공('17),120,668.11,-,11.68,27.24,93.41,4.8,2270.2,0,12.97,-,0
844,P014352-ZZ-AVG,농심 라면육개장,,(주)농심,2017,가공식품,유탕면,P014352,식약처 산업체제공('17),116,515.0,-,11,18,77,2,1780,2,9,-,0
845,P014353-ZZ-AVG,농심 우육탕면,,(주)농심,2017,가공식품,유탕면,P014353,식약처 산업체제공('17),80,273.17,-,4.68,8.85,43.71,2.78,931.38,0,4.16,-,0
853,P014369-ZZ-AVG,모듬 해물탕면,,(주)농심,2017,가공식품,유탕면,P014369,식약처 산업체제공('17),120,622.08,-,11.52,19.58,100.22,4.61,2016,2.3,10.37,-,0
855,P014371-ZZ-AVG,무파마 큰사발,,(주)농심,2017,가공식품,유탕면,P014371,식약처 산업체제공('17),80,277.14,-,5.71,9.14,42.86,2.29,897.14,0,4.57,-,0
860,P014454-ZZ-AVG,사리곰탕 큰사발,,(주)농심,2017,가공식품,유탕면,P014454,식약처 산업체제공('17),80,285.41,-,4.61,9.8,44.4,1.05,962.88,0,4.61,-,0
861,P014455-ZZ-AVG,사리곰탕 면,,(주)농심,2017,가공식품,유탕면,P014455,식약처 산업체제공('17),120,621.82,-,14.4,19.64,96.87,7.85,2225.4,0,10.47,-,0
862,P014456-ZZ-AVG,사리곰탕 컵면,,(주)농심,2017,가공식품,유탕면,P014456,식약처 산업체제공('17),80,262.3,-,5.25,8.39,41.97,1.05,1280,0,4.3,-,0
863,P014457-ZZ-AVG,사리곰탕 큰사발면,,(주)농심,2017,가공식품,유탕면,P014457,식약처 산업체제공('17),80,285.41,-,4.61,9.8,44.4,1.05,962.88,0,4.61,-,0
865,P014459-ZZ-AVG,사천요리 짜파게티,,(주)농심,2017,가공식품,유탕면,P014459,식약처 산업체제공('17),120,646.42,-,12.61,22.07,98.8,6.17,1135.1,0,8.41,-,0
866,P014460-ZZ-AVG,사천 짜파게티 큰사발,,(주)농심,2017,가공식품,유탕면,P014460,식약처 산업체제공('17),80,297.74,-,5.01,11.69,42.85,4.16,573.22,0,5.01,-,0
876,P014493-ZZ-AVG,신라면 큰사발,,(주)농심,2017,가공식품,유탕면,P014493,식약처 산업체제공('17),114,490.0,-,8,17,76,5,1550,0,9,-,0
877,P014495-ZZ-AVG,신라면 블랙컵,,(주)농심,2017,가공식품,유탕면,P014495,식약처 산업체제공('17),101,445.0,-,9,15,68,5,1530,0,7,-,0
878,P014496-ZZ-AVG,신라면 사발면 KAL,,(주)농심,2017,가공식품,유탕면,P014496,식약처 산업체제공('17),80,274.29,-,4.22,9.14,43.6,3.8,1174.5,0,4.22,-,0
881,P014500-ZZ-AVG,쌀국수 설렁탕,,(주)농심,2017,가공식품,유탕면,P014500,식약처 산업체제공('17),120,406.34,-,11.61,1.16,87.07,4.12,1722.1,0,0,-,0
884,P014530-ZZ-AVG,안성탕면 컵,,(주)농심,2017,가공식품,유탕면,P014530,식약처 산업체제공('17),80,276.36,-,4.85,9.7,42.67,2.91,1018.1,0,4.85,-,0
886,P014533-ZZ-AVG,야채라면,,(주)농심,2017,가공식품,유탕면,P014533,식약처 산업체제공('17),100,350.0,-,9,1,76,7,1740,0,0,-,0
894,P014547-ZZ-AVG,오징어짬뽕 컵,,(주)농심,2017,가공식품,유탕면,P014547,식약처 산업체제공('17),80,277.02,-,4.78,9.55,42.98,3.1,1184.4,9.55,4.3,-,0
895,P014548-ZZ-AVG,오징어짬뽕 큰사발,,(주)농심,2017,가공식품,유탕면,P014548,식약처 산업체제공('17),120,632.35,-,11.27,21.29,98.92,6.97,2228.8,6.26,10.02,-,0
896,P014614-ZZ-AVG,우육탕 큰사발,,(주)농심,2017,가공식품,유탕면,P014614,식약처 산업체제공('17),80,264.35,-,4.45,9.46,40.07,2.78,946.09,0,4.45,-,0
897,P014615-ZZ-AVG,우육탕 큰사발면,,(주)농심,2017,가공식품,유탕면,P014615,식약처 산업체제공('17),80,272.7,-,5.01,9.46,41.74,2.78,946.09,0,4.45,-,0
900,P014621-ZZ-AVG,육개장 큰사발면,,(주)농심,2017,가공식품,유탕면,P014621,식약처 산업체제공('17),80,273.45,-,5.24,9.31,42.47,1.75,936.73,0,4.65,-,0
911,P014660-ZZ-AVG,진짜진짜,,(주)농심,2017,가공식품,유탕면,P014660,식약처 산업체제공('17),120,614.48,-,12.41,19.86,96.83,1.31,2222,0,9.93,-,0
913,P014662-ZZ-AVG,짜파게티 큰사발면,,(주)농심,2017,가공식품,유탕면,P014662,식약처 산업체제공('17),80,288.78,-,5.2,10.41,43.71,4.16,660.81,0,4.68,-,0
914,P014663-ZZ-AVG,짜파게티 범벅,,(주)농심,2017,가공식품,유탕면,P014663,식약처 산업체제공('17),80,288.0,-,5.49,9.14,45.71,4.16,777.14,0,4.21,-,0
915,P014664-ZZ-AVG,짜파게티 큰사발,,(주)농심,2017,가공식품,유탕면,P014664,식약처 산업체제공('17),80,291.38,-,5.2,10.41,44.23,4.16,660.81,0,4.68,-,0
918,P014670-ZZ-AVG,채식주의순,,(주)농심,2017,가공식품,유탕면,P014670,식약처 산업체제공('17),120,510.0,-,11,16,81,1.31,1930,0,8,-,0
933,P014702-ZZ-AVG,튀김우동 컵,,(주)농심,2017,가공식품,유탕면,P014702,식약처 산업체제공('17),80,325.16,-,4.13,15.48,42.32,2.88,1238.7,0,5.16,-,0
936,P014714-ZZ-AVG,하모니,,(주)농심,2017,가공식품,유탕면,P014714,식약처 산업체제공('17),120,498.25,-,7.74,19.35,73.53,1.31,870.73,0,8.71,-,0
943,P014726-ZZ-AVG,후루룩 국수,,(주)농심,2017,가공식품,유탕면,P014726,식약처 산업체제공('17),120,544.42,-,15.31,1.19,117.39,3.01,2909.2,0,0,-,0
947,P000313-ZZ-AVG,얼큰한 너구리,,(주)농심,2016,가공식품,유탕면,P000313,식약처 영양실태조사('16),120,515.0,-,-,-,-,4,1700,-,8,-,0
68,P065314-ZZ-AVG,레드라면컵,,(주)농업법인쿱도우 괴산공방,2021,가공식품,유탕면,P065314,식약처('21),103,470.0,-,10,17,68,3,1930,0,8,-,0
69,P065315-ZZ-AVG,레드라면컵미니,,(주)농업법인쿱도우 괴산공방,2021,가공식품,유탕면,P065315,식약처('21),65,290.0,-,6,11,42,2,960,0,5,-,0
70,P065316-ZZ-AVG,안심짜장면컵,,(주)농업법인쿱도우 괴산공방,2021,가공식품,유탕면,P065316,식약처('21),124,545.0,-,9,23,75,8,770,0,7,-,0
71,P065317-ZZ-AVG,자연드림라면컵,,(주)농업법인쿱도우 괴산공방,2021,가공식품,유탕면,P065317,식약처('21),102,460.0,-,10,17,66,4,1920,0,8,-,0
72,P065318-ZZ-AVG,자연드림라면컵미니,,(주)농업법인쿱도우 괴산공방,2021,가공식품,유탕면,P065318,식약처('21),65,300.0,-,6,11,44,2,1170,0,5,-,0
73,P065319-ZZ-AVG,키토라면,,(주)농업법인쿱도우 괴산공방,2021,가공식품,유탕면,P065319,식약처('21),101,400.0,-,12.6,20,59.6,0,2190,0,9,-,0
74,P065320-ZZ-AVG,해물라면컵,,(주)농업법인쿱도우 괴산공방,2021,가공식품,유탕면,P065320,식약처('21),105,480.0,-,9,19,67,4,1540,5,9,-,0
951,P000620-ZZ-AVG,쌀로 빚은 채식라면,,㈜새롬식품,2016,가공식품,유탕면,P000620,식약처 영양실태조사('16),114,490.0,-,-,-,-,2,1700,-,7,-,0
75,P067832-ZZ-AVG,7가지 채소가득 우리밀라면,,(주)새롬식품(완주공장),2021,가공식품,유탕면,P067832,식약처('21),72,340.0,-,7,15,44,2,1340,0,7,-,0
76,P067833-ZZ-AVG,군산불짬뽕컵면,,(주)새롬식품(완주공장),2021,가공식품,유탕면,P067833,식약처('21),82,346.0,-,9,16,40,2,1424,0,7,-,0
77,P067834-ZZ-AVG,삼육 우리밀로만든감자라면컵,,(주)새롬식품(완주공장),2021,가공식품,유탕면,P067834,식약처('21),73,325.0,-,6,14,45,3,1170,0,7,-,0
78,P067835-ZZ-AVG,애터미우리밀감자라면컵,,(주)새롬식품(완주공장),2021,가공식품,유탕면,P067835,식약처('21),73,321.0,-,6,14,45,3,1000,0,7,-,0
79,P067836-ZZ-AVG,우리감자로만든감자라면,,(주)새롬식품(완주공장),2021,가공식품,유탕면,P067836,식약처('21),73,335.0,-,7,15,43,2,1280,0,7,-,0
80,P067837-ZZ-AVG,우리채소가풍부한짬뽕라면,,(주)새롬식품(완주공장),2021,가공식품,유탕면,P067837,식약처('21),75,345.0,-,7,15,46,3,1400,2,7,-,0
81,P067838-ZZ-AVG,제주딱새우라면,,(주)새롬식품(완주공장),2021,가공식품,유탕면,P067838,식약처('21),68,297.0,-,7,12,42,1,1446,0,5,-,0
82,P067839-ZZ-AVG,제주흑돼지라면컵돗멘,,(주)새롬식품(완주공장),2021,가공식품,유탕면,P067839,식약처('21),73,333.0,-,7,14,45,1,1233,1,7,-,0
360,P039031-ZZ-AVG,우리밀구쁘컵라면,,㈜새롬식품(완주공장),2020,가공식품,유탕면,P039031,식약처('20),73,327.0,-,7,14,44,8,1484,0,6,-,0
389,P039542-ZZ-AVG,우리쌀로만든짬뽕라면,,㈜새롬식품(완주공장),2020,가공식품,유탕면,P039542,식약처('20),106,470.0,-,14,17,66,6,1660,6,7,-,0
489,P041216-ZZ-AVG,치즈라볶이사리면,,㈜새롬식품(완주공장),2020,가공식품,유탕면,P041216,식약처('20),55,266.0,-,5,12,34,1,277,0,5,-,0
490,P041223-ZZ-AVG,라면사리,,㈜새롬식품(완주공장),2020,가공식품,유탕면,P041223,식약처('20),100,455.0,-,12,16,66,1,390,0,7,-,0
492,P041381-ZZ-AVG,우리쌀로만든밥라면,,㈜새롬식품(완주공장),2020,가공식품,유탕면,P041381,식약처('20),98,430.0,-,9,15,65,1,1360,0,7,-,0
581,P023590-ZZ-AVG,애터미감자로만든채식라면,,㈜새롬식품(완주공장),2019,가공식품,유탕면,P023590,식약처('19),114,510.0,-,10,22,71,3,1520,0,9,-,0
639,P023648-ZZ-AVG,한살림감자라면,,㈜새롬식품(완주공장),2019,가공식품,유탕면,P023648,식약처('19),110,485.0,-,16,17,67,4,1630,0,8,-,0
651,P023660-ZZ-AVG,국내산감자로만든감자라면,,㈜새롬식품(완주공장),2019,가공식품,유탕면,P023660,식약처('19),110,485.0,-,12,17,71,3,1600,0,8,-,0
679,P023690-ZZ-AVG,애터미착한짜장,,㈜새롬식품(완주공장),2019,가공식품,유탕면,P023690,식약처('19),180,535.0,-,18,19,73,8,1244,5,7,-,0
686,P023697-ZZ-AVG,랍면,,㈜새롬식품(완주공장),2019,가공식품,유탕면,P023697,식약처('19),115,510.0,-,14,19,71,4,1820,7,9,-,0
696,P023707-ZZ-AVG,우리밀감자라면,,㈜새롬식품(완주공장),2019,가공식품,유탕면,P023707,식약처('19),100,515.0,-,13,20,71,2,1820,0,8,-,0
715,P023726-ZZ-AVG,우리밀해물라면,,㈜새롬식품(완주공장),2019,가공식품,유탕면,P023726,식약처('19),114,530.0,-,14,21,73,5,1490,10,10,-,0
720,P023731-ZZ-AVG,부숴먹는라면,,㈜새롬식품(완주공장),2019,가공식품,유탕면,P023731,식약처('19),100,415.0,-,10,15,60,1,850,0,6,-,0
721,P023732-ZZ-AVG,감자해물맛라면,,㈜새롬식품(완주공장),2019,가공식품,유탕면,P023732,식약처('19),100,510.0,-,15,22,63,2,1400,0,9,-,0
746,P023757-ZZ-AVG,한살림우리밀라면,,㈜새롬식품(완주공장),2019,가공식품,유탕면,P023757,식약처('19),110,515.0,-,13,22,66,3,1600,0,8,-,0
751,P023762-ZZ-AVG,한살림사리면,,㈜새롬식품(완주공장),2019,가공식품,유탕면,P023762,식약처('19),100,470.0,-,13,17,66,3,350,0,15,-,0
758,P023769-ZZ-AVG,토종밀앉은뱅이밀라면,,㈜새롬식품(완주공장),2019,가공식품,유탕면,P023769,식약처('19),100,513.0,-,13,19,73,3,1870,0,9,-,0
760,P023771-ZZ-AVG,채식청정면,,㈜새롬식품(완주공장),2019,가공식품,유탕면,P023771,식약처('19),114,520.0,-,15,19,73,4,1350,0,9,-,0
763,P023774-ZZ-AVG,삼육채식라면(순한맛),,㈜새롬식품(완주공장),2019,가공식품,유탕면,P023774,식약처('19),110,465.0,-,14,16,69,3,1760,0,8,-,0
807,P001322-ZZ-AVG,우리쌀로 만든 짬뽕라면,,㈜새롬식품(완주공장),2017,가공식품,유탕면,P001322,식약처 영양실태조사('17),117,520.0,-,-,-,-,6,2191,-,-,-,-
808,P001323-ZZ-AVG,우리쌀로 만든 채식비빔면,,㈜새롬식품(완주공장),2017,가공식품,유탕면,P001323,식약처 영양실태조사('17),135,605.0,-,-,-,-,17,1361,-,-,-,-
950,P000599-ZZ-AVG,우리밀 김치라면,,㈜새롬식품(완주공장),2016,가공식품,유탕면,P000599,식약처 영양실태조사('16),113,500.0,-,-,-,-,3,1800,-,8,-,0
834,P014339-ZZ-AVG,그린우동면,,㈜아워홈,2017,가공식품,유탕면,P014339,식약처 산업체제공('17),100,64.86,-,1.25,0.74,13.16,2.86,119.26,0,0.13,-,0
869,P014464-ZZ-AVG,생라면,,㈜아워홈,2017,가공식품,유탕면,P014464,식약처 산업체제공('17),120,200.88,-,6.34,2.02,38.99,2.12,576.86,0,0.33,-,0
880,P014499-ZZ-AVG,쌀국수 사리면,,㈜아워홈,2017,가공식품,유탕면,P014499,식약처 산업체제공('17),100,68.25,-,1.25,0.25,15.18,2.84,1.33,0,0.08,-,0
723,P023734-ZZ-AVG,요괴라면 봉골레맛,,㈜지앤씨에프에스,2019,가공식품,유탕면,P023734,식약처('19),110,440.0,-,8,10,79,5,1860,3,5,-,0
748,P023759-ZZ-AVG,요괴라면 크림크림맛,,㈜지앤씨에프에스,2019,가공식품,유탕면,P023759,식약처('19),120,460.0,-,9,9,76,9,1150,5,8,-,0
749,P023760-ZZ-AVG,요괴라면 국물떡볶이맛,,㈜지앤씨에프에스,2019,가공식품,유탕면,P023760,식약처('19),110,455.0,-,9,14,76,9,1430,3,7,-,0
769,P023780-ZZ-AVG,요괴라면 매운볶음맛,,㈜지앤씨에프에스,2019,가공식품,유탕면,P023780,식약처('19),110,485.0,-,11,15,78,5,1650,0,0.8,-,0
83,P072751-ZZ-AVG,gomgom호로록매콤라면,,(주)팔도,2021,가공식품,유탕면,P072751,식약처('21),86,365.0,-,6,11,60,2,1570,0,6,-,0
84,P072752-ZZ-AVG,gomgom호로록짜장라면,,(주)팔도,2021,가공식품,유탕면,P072752,식약처('21),86,380.0,-,6,13,60,5,810,0,5,-,0
85,P072753-ZZ-AVG,gomgom호로록짬뽕라면,,(주)팔도,2021,가공식품,유탕면,P072753,식약처('21),86,360.0,-,6,11,59,3,1570,3.5,5,-,0
86,P072754-ZZ-AVG,강릉교동반점직화짬뽕,,(주)팔도,2021,가공식품,유탕면,P072754,식약처('21),110,450.0,-,10,15,69,6,1770,8,6,-,0
87,P072755-ZZ-AVG,공화춘 삼선짬뽕,,(주)팔도,2021,가공식품,유탕면,P072755,식약처('21),110,505.0,-,9,22,68,3,1690,15,8,-,0
88,P072756-ZZ-AVG,공화춘 아주매운짬뽕,,(주)팔도,2021,가공식품,유탕면,P072756,식약처('21),110,500.0,-,10,20,70,2,1730,17,8,-,0
89,P072757-ZZ-AVG,김치왕뚜껑,,(주)팔도,2021,가공식품,유탕면,P072757,식약처('21),110,470.0,-,8,17,71,4,1790,0,9,-,0
90,P072758-ZZ-AVG,꼬꼬면왕컵,,(주)팔도,2021,가공식품,유탕면,P072758,식약처('21),105,455.0,-,8,17,68,4,1610,0,8,-,0
91,P072759-ZZ-AVG,동원 고추참치라면,,(주)팔도,2021,가공식품,유탕면,P072759,식약처('21),160,560.0,-,13,22,77,15,1890,10,8,-,0
92,P072760-ZZ-AVG,동원 참치라면,,(주)팔도,2021,가공식품,유탕면,P072760,식약처('21),160,535.0,-,15,24,65,2,1660,15,8,-,0
93,P072761-ZZ-AVG,빅3볶음김치면,,(주)팔도,2021,가공식품,유탕면,P072761,식약처('21),150,530.0,-,9,25,67,4,1780,0,13,-,0
94,P072762-ZZ-AVG,속초홍게라면,,(주)팔도,2021,가공식품,유탕면,P072762,식약처('21),115,500.0,-,10,19,72,4,1680,4,8,-,0
95,P072763-ZZ-AVG,오모리 김치찌개라면,,(주)팔도,2021,가공식품,유탕면,P072763,식약처('21),150,485.0,-,9,20,67,2,1870,4,11,-,0
96,P072764-ZZ-AVG,유어스틈새라면,,(주)팔도,2021,가공식품,유탕면,P072764,식약처('21),105,465.0,-,9,15,73,4,1670,0,7,-,0
97,P072765-ZZ-AVG,일품삼선짜장컵,,(주)팔도,2021,가공식품,유탕면,P072765,식약처('21),100,425.0,-,9,13,68,5,950,1,7,-,0
98,P072766-ZZ-AVG,팔도 도시락,,(주)팔도,2021,가공식품,유탕면,P072766,식약처('21),86,380.0,-,6,14,57,3,1400,0,7,-,0
99,P072767-ZZ-AVG,팔도 비빔면 치즈컵,,(주)팔도,2021,가공식품,유탕면,P072767,식약처('21),108,455.0,-,7,17,69,10,880,0,8,-,0
100,P072768-ZZ-AVG,팔도 짬뽕왕뚜껑,,(주)팔도,2021,가공식품,유탕면,P072768,식약처('21),110,475.0,-,9,17,71,4,1740,4,9,-,0
101,P072769-ZZ-AVG,팔도김치도시락,,(주)팔도,2021,가공식품,유탕면,P072769,식약처('21),86,395.0,-,6,16,57,2,1590,0,8,-,0
102,P072770-ZZ-AVG,팔도짜장면 왕컵,,(주)팔도,2021,가공식품,유탕면,P072770,식약처('21),160,515.0,-,11,21,71,11,960,4.1,14,-,0
103,P072771-ZZ-AVG,홍석천‘S 홍라면 매운치즈볶음면,,(주)팔도,2021,가공식품,유탕면,P072771,식약처('21),119,495.0,-,8,17,78,11,1160,9,7,-,0
307,P035521-ZZ-AVG,아임이 민생라면(봉지),,(주)팔도,2020,가공식품,유탕면,P035521,식약처('20),115,480.0,-,10,15,76,7,1800,-,7,-,0
308,P035523-ZZ-AVG,팔도 쫄비빔면,,(주)팔도,2020,가공식품,유탕면,P035523,식약처('20),130,480.0,-,9,13,82,14,1190,-,7,-,0
309,P035524-ZZ-AVG,괄도네넴띤,,(주)팔도,2020,가공식품,유탕면,P035524,식약처('20),130,530.0,-,9,19,81,13,1270,-,9,-,0
316,P037271-ZZ-AVG,일품삼선짜장,,(주)팔도,2020,가공식품,유탕면,P037271,식약처('20),120,500.0,-,11,15,80,7,1010,1,8,-,0
319,P037299-ZZ-AVG,아임이 민생짜장,,(주)팔도,2020,가공식품,유탕면,P037299,식약처('20),115,485.0,-,10,15,77,6,990,0,8,-,0
324,P037358-ZZ-AVG,팔도 더왕뚜껑,,(주)팔도,2020,가공식품,유탕면,P037358,식약처('20),120,510.0,-,11,16,80,4,1790,0,7,-,0
328,P037391-ZZ-AVG,이것은 라면이 아니다 시원한 김치찌개라면,,(주)팔도,2020,가공식품,유탕면,P037391,식약처('20),150,490.0,-,10,15,79,3,1740,0,7,-,0
340,P038417-ZZ-AVG,팔도비비(BB)크림면,,(주)팔도,2020,가공식품,유탕면,P038417,식약처('20),133,575.0,-,10,21,87,12,1190,3,11,-,0
377,P039358-ZZ-AVG,왕뚜껑 철판볶음면 해물,,(주)팔도,2020,가공식품,유탕면,P039358,식약처('20),115,465.0,-,8,16,72,6,960,6,6,-,0
388,P039540-ZZ-AVG,THE배터질라면,,(주)팔도,2020,가공식품,유탕면,P039540,식약처('20),125,545.0,-,9,20,82,6,1690,0,10,-,0
399,P039881-ZZ-AVG,팔도불짬뽕 왕컵,,(주)팔도,2020,가공식품,유탕면,P039881,식약처('20),115,470.0,-,10,20,63,5,1790,8,8,-,0
403,P039886-ZZ-AVG,팔도 참깨라면,,(주)팔도,2020,가공식품,유탕면,P039886,식약처('20),115,495.0,-,10,17,75,5,1690,3,8,-,0
404,P040058-ZZ-AVG,공화춘삼선짬뽕소컵,,(주)팔도,2020,가공식품,유탕면,P040058,식약처('20),65,305.0,-,6,15,36,4,1270,5,7,-,0
415,P040082-ZZ-AVG,유어스육칼,,(주)팔도,2020,가공식품,유탕면,P040082,식약처('20),125,435.0,-,11,17,60,4,1680,4,8,-,0
416,P040083-ZZ-AVG,해장의신 속풀라면,,(주)팔도,2020,가공식품,유탕면,P040083,식약처('20),105,445.0,-,10,17,63,4,1730,2,8,-,0
421,P040088-ZZ-AVG,일품해물라면왕컵,,(주)팔도,2020,가공식품,유탕면,P040088,식약처('20),110,470.0,-,11,15,73,4,1620,9,7,-,0
451,P040464-ZZ-AVG,진에어컵면,,(주)팔도,2020,가공식품,유탕면,P040464,식약처('20),80,375.0,-,7,17,48,3,1320,0,9,-,0
472,P040928-ZZ-AVG,틈새라면 빨계떡컵,,(주)팔도,2020,가공식품,유탕면,P040928,식약처('20),65,280.0,-,5,11,40,2,1420,0,5,-,0
580,P023589-ZZ-AVG,팔도비빔면,,(주)팔도,2019,가공식품,유탕면,P023589,식약처('19),130,530.0,-,9,19,80,12,1090,0,9,-,0
625,P023634-ZZ-AVG,팔도짜장면,,(주)팔도,2019,가공식품,유탕면,P023634,식약처('19),203,625.0,-,14,24,88,10,1170,4.6,9,-,0
633,P023642-ZZ-AVG,일품해물라면,,(주)팔도,2019,가공식품,유탕면,P023642,식약처('19),120,505.0,-,11,15,81,4,1640,11,8,-,0
637,P023646-ZZ-AVG,팔도틈새라면 빨계떡,,(주)팔도,2019,가공식품,유탕면,P023646,식약처('19),120,495.0,-,9,14,83,3,1650,3,6,-,0
641,P023650-ZZ-AVG,팔도비빔면한정판,,(주)팔도,2019,가공식품,유탕면,P023650,식약처('19),156,635.0,-,11,23,96,14,1310,0,10,-,0
652,P023661-ZZ-AVG,라면한그릇 얼큰하고 진한 맛,,(주)팔도,2019,가공식품,유탕면,P023661,식약처('19),115,480.0,-,10,15,76,7,1800,0,7,-,0
672,P023683-ZZ-AVG,식객 오모리 김치찌개라면,,(주)팔도,2019,가공식품,유탕면,P023683,식약처('19),150,485.0,-,9,20,67,2,1960,4.2,11,-,0
673,P023684-ZZ-AVG,틈새라면왕컵,,(주)팔도,2019,가공식품,유탕면,P023684,식약처('19),110,490.0,-,9,20,68,5,1670,0,9,-,0
680,P023691-ZZ-AVG,공화춘 자장컵,,(주)팔도,2019,가공식품,유탕면,P023691,식약처('19),200,580.0,-,12,26,75,7,1440,9,11,-,0
681,P023692-ZZ-AVG,팔도왕짬뽕,,(주)팔도,2019,가공식품,유탕면,P023692,식약처('19),139,545.0,-,13,18,83,6,1700,5,7,-,0
692,P023703-ZZ-AVG,팔도라볶이,,(주)팔도,2019,가공식품,유탕면,P023703,식약처('19),145,570.0,-,10,17,95,24,1980,0,8,-,0
693,P023704-ZZ-AVG,팔도막국수라면,,(주)팔도,2019,가공식품,유탕면,P023704,식약처('19),142,585.0,-,10,23,85,18,1460,0,10,-,0
697,P023708-ZZ-AVG,남자라면,,(주)팔도,2019,가공식품,유탕면,P023708,식약처('19),115,485.0,-,9,16,8,3,1750,0,8,-,0
700,P023711-ZZ-AVG,팔도 체다치즈 틈새라면,,(주)팔도,2019,가공식품,유탕면,P023711,식약처('19),127,530.0,-,10,16,87,8,1520,5,7,-,0
704,P023715-ZZ-AVG,오모리김치찌개라면(봉지),,(주)팔도,2019,가공식품,유탕면,P023715,식약처('19),160,510.0,-,11,17,79,2,1990,4.2,8,-,0
709,P023720-ZZ-AVG,킹콩사리면,,(주)팔도,2019,가공식품,유탕면,P023720,식약처('19),100,450.0,-,9,16,67,1,400,0,7,-,0
717,P023728-ZZ-AVG,공화춘 삼선짬뽕컵,,(주)팔도,2019,가공식품,유탕면,P023728,식약처('19),116,500.0,-,12,18,72,4,2340,22,7,-,0
718,P023729-ZZ-AVG,꼬꼬면,,(주)팔도,2019,가공식품,유탕면,P023729,식약처('19),115,490.0,-,9,15,80,4,1810,0,7,-,0
724,P023735-ZZ-AVG,뉴트리 라면,,(주)팔도,2019,가공식품,유탕면,P023735,식약처('19),120,505.0,-,10,16,80,3,1790,0,9,-,0
734,P023745-ZZ-AVG,볶음김치면,,(주)팔도,2019,가공식품,유탕면,P023745,식약처('19),154,560.0,-,10,27,69,4,1980,0,14,-,0
737,P023748-ZZ-AVG,준코라면,,(주)팔도,2019,가공식품,유탕면,P023748,식약처('19),120,500.0,-,10,15,81,5,1830,0,8,-,0
738,P023749-ZZ-AVG,팔도비빔면 스페셜,,(주)팔도,2019,가공식품,유탕면,P023749,식약처('19),135,545.0,-,10,19,83,13,1680,0,9,-,0
739,P023750-ZZ-AVG,일품(一品)짜장면,,(주)팔도,2019,가공식품,유탕면,P023750,식약처('19),200,550.0,-,12,20,86,9,1160,5.2,10,-,0
752,P023763-ZZ-AVG,팔도도시락봉지,,(주)팔도,2019,가공식품,유탕면,P023763,식약처('19),108,475.0,-,8,17,72,6,1570,0,8,-,0
753,P023764-ZZ-AVG,뉴트리짜장면,,(주)팔도,2019,가공식품,유탕면,P023764,식약처('19),200,565.0,-,13,21,81,10,1350,4.6,11,-,0
764,P023775-ZZ-AVG,팔도불짬뽕,,(주)팔도,2019,가공식품,유탕면,P023775,식약처('19),139,550.0,-,13,19,82,6,1820,5,7,-,0
791,P001810-ZZ-AVG,팔도 불짬뽕,,(주)팔도,2018,가공식품,유탕면,P001810,식약처 영양실태조사('18),139,550.0,-,13,19,82,6,1820,5,7,-,0
802,P001092-ZZ-AVG,팔도비빔면 한정판,,(주)팔도,2017,가공식품,유탕면,P001092,식약처 영양실태조사('17),156,635.0,-,-,-,-,14,1310,-,-,-,-
803,P001093-ZZ-AVG,팔도도시락 봉지,,(주)팔도,2017,가공식품,유탕면,P001093,식약처 영양실태조사('17),108,475.0,-,-,-,-,6,1570,-,-,-,-
945,P000310-ZZ-AVG,일품해물라면 컵,,(주)팔도,2016,가공식품,유탕면,P000310,식약처 영양실태조사('16),65,285.0,-,-,-,-,3,1090,-,5,-,0
833,P014338-ZZ-AVG,국산100%햇당면,,CJ제일제당㈜,2017,가공식품,유탕면,P014338,식약처 산업체제공('17),20,14.08,-,0,0,3.52,0.01,0.8,0,0,-,0
555,P060449-ZZ-AVG,가고시마 라멘 돈코츠맛,,HIGASHIMARU HONSYAKOJYO,2020,가공식품,유탕면,P060449,식약처('20),100,460.0,-,10.5,19.6,60.5,29.7,2310,0,3.3,-,0
556,P060450-ZZ-AVG,히가시후즈 돈코츠라멘,,HIGASHIMARU HONSYAKOJYO,2020,가공식품,유탕면,P060450,식약처('20),100,449.0,-,11.1,18.8,59,35.4,2525,0,3.8,-,0
557,P060451-ZZ-AVG,히가시후즈 미소라멘,,HIGASHIMARU HONSYAKOJYO,2020,가공식품,유탕면,P060451,식약처('20),100,448.0,-,9.1,18,62.2,32,2944,0,3.8,-,0
558,P060452-ZZ-AVG,히가시후즈 쇼유라멘,,HIGASHIMARU HONSYAKOJYO,2020,가공식품,유탕면,P060452,식약처('20),100,452.0,-,8.9,17.6,64.7,34,2228,0,3.9,-,0
559,P063044-ZZ-AVG,도쿄 라멘 마일드 카레맛,,"SINEI SHOKUHIN CO.,LTD",2020,가공식품,유탕면,P063044,식약처('20),30,130.0,-,3.3,4.4,19.3,2,960,0,1.8,-,0
560,P063045-ZZ-AVG,도쿄 라멘 새우 돈코츠맛,,"SINEI SHOKUHIN CO.,LTD",2020,가공식품,유탕면,P063045,식약처('20),30,137.0,-,2.8,5.9,18.2,2,894,0,2.2,-,0
561,P063681-ZZ-AVG,페니,,UNITED KING FOOD (PVT) LTD,2020,가공식품,유탕면,P063681,식약처('20),100,457.0,-,10,45,63,3,267,223,13,-,0
953,P000631-ZZ-AVG,자연드림 비빔면,,농업회사법인 ㈜아이쿱라면,2016,가공식품,유탕면,P000631,식약처 영양실태조사('16),133,525.0,-,-,-,-,11,1020,-,6,-,0
954,P000632-ZZ-AVG,자연드림 사리면,,농업회사법인 ㈜아이쿱라면,2016,가공식품,유탕면,P000632,식약처 영양실태조사('16),100,435.0,-,-,-,-,1,470,-,6,-,0
326,P037374-ZZ-AVG,우리밀라면땅 양념치킨맛,,농업회사법인 ㈜쿱라면,2020,가공식품,유탕면,P037374,식약처('20),105,480.0,-,8,18,71,3,730,0,6,-,0
811,P001333-ZZ-AVG,자연드림 라면 레드,,농업회사법인 ㈜쿱라면,2017,가공식품,유탕면,P001333,식약처 영양실태조사('17),200,480.0,-,-,-,-,7,1760,-,-,-,-
354,P038898-ZZ-AVG,제리보스,,농업회사법인주식회사맥소반,2020,가공식품,유탕면,P038898,식약처('20),100,442.0,-,12,14,67,8,1170,0,9,-,0
214,P031424-ZZ-AVG,손수때릴타면,,삼양식품,2020,가공식품,유탕면,P031424,식약처('20),120,500.0,-,9,16,80,4,1420,0,-,-,0
215,P031425-ZZ-AVG,쇠고기면,,삼양식품,2020,가공식품,유탕면,P031425,식약처('20),120,495.0,-,10,15,80,3,1855,0,7,-,0
216,P031426-ZZ-AVG,삼양 큰컵,,삼양식품,2020,가공식품,유탕면,P031426,식약처('20),80,289.92,-,4.99,12.29,42.56,2.24,786.56,0,-,-,0
217,P031427-ZZ-AVG,육개장,,삼양식품,2020,가공식품,유탕면,P031427,식약처('20),86,380.0,-,7,14,56,3,1590,0,7,-,0
218,P031428-ZZ-AVG,컵라면,,삼양식품,2020,가공식품,유탕면,P031428,식약처('20),80,305.92,-,4.35,12.22,44.54,1.75,803.84,0,-,-,0
219,P031433-ZZ-AVG,큰냄비우동,,삼양식품,2020,가공식품,유탕면,P031433,식약처('20),80,304.0,-,4.93,15.55,42.56,0,786.56,0,-,-,0
220,P031435-ZZ-AVG,CU해물탕컵,,삼양식품,2020,가공식품,유탕면,P031435,식약처('20),80,268.16,-,5.5,9.15,40.83,3.2,1072.7,0,4.86,-,0
221,P031438-ZZ-AVG,게살 야채탕면,,삼양식품,2020,가공식품,유탕면,P031438,식약처('20),120,565.15,-,13.91,5.22,116.51,1.31,3164.8,0,0,-,0
222,P031440-ZZ-AVG,국물자작 라볶이,,삼양식품,2020,가공식품,유탕면,P031440,식약처('20),80,265.86,-,5.89,7.87,43.33,2.94,955.07,0,3.97,-,0
223,P031441-ZZ-AVG,국물자작 치즈커리,,삼양식품,2020,가공식품,유탕면,P031441,식약처('20),80,285.57,-,5.89,10.82,41.34,3.2,905.86,0,5.89,-,0
224,P031442-ZZ-AVG,김치라면,,삼양식품,2020,가공식품,유탕면,P031442,식약처('20),120,505.0,-,11,16,79,4,1650,0,8,-,0
225,P031443-ZZ-AVG,나가사끼 꽃게짬뽕,,삼양식품,2020,가공식품,유탕면,P031443,식약처('20),120,528.09,-,9.8,15.24,88.2,6.97,1731.27,0,7.62,-,0
226,P031444-ZZ-AVG,나가사끼 짬뽕,,삼양식품,2020,가공식품,유탕면,P031444,식약처('20),120,594.72,-,12.53,16.27,100.22,6.97,2091.17,0,7.49,-,0
227,P031445-ZZ-AVG,나가사끼 홍짬뽕,,삼양식품,2020,가공식품,유탕면,P031445,식약처('20),120,601.06,-,11.23,17.57,98.93,6.97,2216.3,0,8.78,-,0
228,P031446-ZZ-AVG,도전!하바네로 컵짜장,,삼양식품,2020,가공식품,유탕면,P031446,식약처('20),80,265.86,-,6.91,6.91,43.33,4.27,679.36,0,3.97,-,0
229,P031447-ZZ-AVG,돈 사골탕면,,삼양식품,2020,가공식품,유탕면,P031447,식약처('20),120,505.0,-,13,15,79,7.85,1850,0,7,-,0
230,P031448-ZZ-AVG,된장라면,,삼양식품,2020,가공식품,유탕면,P031448,식약처('20),120,495.0,-,10,16,78,5,1710,0,8,-,0
231,P031449-ZZ-AVG,맛있는라면,,삼양식품,2020,가공식품,유탕면,P031449,식약처('20),115,480.0,-,9,15,77,4,1720,0,8,-,0
232,P031450-ZZ-AVG,면왕500,,삼양식품,2020,가공식품,유탕면,P031450,식약처('20),120,642.53,-,11.09,24.34,95.33,1.31,3012.9,0,13.25,-,0
233,P031452-ZZ-AVG,부셔먹는 라면스낵 불닭,,삼양식품,2020,가공식품,유탕면,P031452,식약처('20),90,425.0,-,8,16,62,3,790,0,8,-,0
234,P031453-ZZ-AVG,불닭볶음면,,삼양식품,2020,가공식품,유탕면,P031453,식약처('20),120,545.18,-,12.38,16.42,87.41,1.31,1316.59,0,8.21,-,0
235,P031454-ZZ-AVG,사리면,,삼양식품,2020,가공식품,유탕면,P031454,식약처('20),120,641.52,-,11.81,22.32,98.21,1.31,680.69,0,11.81,-,0
236,P031455-ZZ-AVG,손수 때릴타면,,삼양식품,2020,가공식품,유탕면,P031455,식약처('20),100,412.5,-,7.5,12.5,67.5,3.3,1441.7,0,6.7,-,0
238,P031458-ZZ-AVG,수타면,,삼양식품,2020,가공식품,유탕면,P031458,식약처('20),120,600.52,-,11.99,18.12,97.38,1.31,2181.1,0,9.51,-,0
239,P031459-ZZ-AVG,쌀라면,,삼양식품,2020,가공식품,유탕면,P031459,식약처('20),120,522.65,-,13.07,16.33,80.58,1.31,1938.1,0,8.71,-,0
240,P031460-ZZ-AVG,안 튀긴 면,,삼양식품,2020,가공식품,유탕면,P031460,식약처('20),120,489.6,-,14.4,1.44,105.12,1.31,2721.6,0,0,-,0
241,P031461-ZZ-AVG,얼큰 특면,,삼양식품,2020,가공식품,유탕면,P031461,식약처('20),120,501.61,-,9.84,15.74,80.65,3.6,1849.05,0,7.87,-,0
242,P031462-ZZ-AVG,열무비빔면,,삼양식품,2020,가공식품,유탕면,P031462,식약처('20),120,581.47,-,9.94,19.87,90.86,7.75,1351.4,0,9.94,-,0
244,P031464-ZZ-AVG,이마트 맛승부 매운맛,,삼양식품,2020,가공식품,유탕면,P031464,식약처('20),120,500.0,-,10,16,79,3.6,1870,0,8,-,0
245,P031465-ZZ-AVG,이마트 맛승부 해물맛,,삼양식품,2020,가공식품,유탕면,P031465,식약처('20),120,505.0,-,10,17,78,1.31,1990,0,9,-,0
246,P031467-ZZ-AVG,이마트 육개장,,삼양식품,2020,가공식품,유탕면,P031467,식약처('20),120,739.86,-,13.63,27.26,110.98,5.02,3796.6,0,15.58,-,0
247,P031468-ZZ-AVG,이마트 육개장컵,,삼양식품,2020,가공식품,유탕면,P031468,식약처('20),120,1022.48,-,17.04,44.31,139.74,1.67,4124,0,23.86,-,0
248,P031469-ZZ-AVG,이마트 하바네로라면,,삼양식품,2020,가공식품,유탕면,P031469,식약처('20),120,533.54,-,10.89,17.42,82.75,1.31,2047.03,0,8.71,-,0
249,P031470-ZZ-AVG,장수면,,삼양식품,2020,가공식품,유탕면,P031470,식약처('20),120,517.2,-,10.89,16.33,81.66,1.31,2134.1,0,8.71,-,0
250,P031471-ZZ-AVG,짜짜로니,,삼양식품,2020,가공식품,유탕면,P031471,식약처('20),120,591.41,-,11.38,22.61,85.39,7.2,1224,0,10.22,-,0
251,P031472-ZZ-AVG,차오차이,,삼양식품,2020,가공식품,유탕면,P031472,식약처('20),120,443.08,-,10.23,15.34,65.61,1.31,1073.6,0,7.67,-,0
252,P031473-ZZ-AVG,컵 나가사끼 짬뽕,,삼양식품,2020,가공식품,유탕면,P031473,식약처('20),80,295.36,-,5.89,11.84,41.34,3.1,1220.9,0,5.89,-,0
253,P031476-ZZ-AVG,컵 삼양라면,,삼양식품,2020,가공식품,유탕면,P031476,식약처('20),65,295.0,-,5,12,42,2,1160,0,6,-,0
254,P031481-ZZ-AVG,큰컵 삼양라면,,삼양식품,2020,가공식품,유탕면,P031481,식약처('20),115,490.0,-,10,17,74,4,1580,0,9,-,0
255,P031482-ZZ-AVG,큰컵 유부우동,,삼양식품,2020,가공식품,유탕면,P031482,식약처('20),80,270.53,-,4.67,8.7,43.07,2.88,1029.8,0,4.67,-,0
256,P031483-ZZ-AVG,큰컵 짜짜로니,,삼양식품,2020,가공식품,유탕면,P031483,식약처('20),120,576.0,-,13.68,20.59,83.66,7.2,1110.82,0,10.94,-,0
257,P031484-ZZ-AVG,토마토 비비올레,,삼양식품,2020,가공식품,유탕면,P031484,식약처('20),120,558.72,-,9.22,17.28,92.16,1.31,1209.6,0,8.06,-,0
258,P031485-ZZ-AVG,포장마차 얼큰한맛,,삼양식품,2020,가공식품,유탕면,P031485,식약처('20),120,485.0,-,10,15,78,6.97,1950,0,7,-,0
259,P031486-ZZ-AVG,포장마차 우동얼큰한맛,,삼양식품,2020,가공식품,유탕면,P031486,식약처('20),120,594.0,-,11.95,18,96.05,4.07,2148,0,9.65,-,0
260,P031487-ZZ-AVG,하바네로 짬뽕,,삼양식품,2020,가공식품,유탕면,P031487,식약처('20),120,613.58,-,13.82,20.02,95.18,6.97,2329,0,10.08,-,0
261,P031488-ZZ-AVG,하이리빙파워 라면,,삼양식품,2020,가공식품,유탕면,P031488,식약처('20),120,510.0,-,11,16,80,3,1770,0,8,-,0
262,P031489-ZZ-AVG,하이리빙파워 미니컵,,삼양식품,2020,가공식품,유탕면,P031489,식약처('20),80,439.29,-,7.57,18.18,62.11,3.2,1923.7,0,10.6,-,0
263,P031490-ZZ-AVG,한우특+뿔면,,삼양식품,2020,가공식품,유탕면,P031490,식약처('20),120,594.72,-,12.53,20.02,91.44,1.31,2166.1,0,10.08,-,0
264,P031491-ZZ-AVG,해물짬뽕,,삼양식품,2020,가공식품,유탕면,P031491,식약처('20),120,495.0,-,10,16,78,6.97,1940,0,8,-,0
265,P031492-ZZ-AVG,호해면,,삼양식품,2020,가공식품,유탕면,P031492,식약처('20),120,509.79,-,14.99,3,104.96,1.31,2653.8,0,0,-,0
827,P014331-ZZ-AVG,간짬뽕,,삼양식품,2017,가공식품,유탕면,P014331,식약처 산업체제공('17),120,570.82,-,11.38,20.59,85.39,6.97,1100.5,0,9.22,-,0
828,P014332-ZZ-AVG,강릉 교동반점 짬뽕,,삼양식품,2017,가공식품,유탕면,P014332,식약처 산업체제공('17),120,615.31,-,11.81,20.88,94.32,6.97,2186.2,0,10.51,-,0
922,P014689-ZZ-AVG,컵 맛있는라면,,삼양식품,2017,가공식품,유탕면,P014689,식약처 산업체제공('17),80,280.64,-,4.93,10.82,41.34,3.2,1161.8,0,4.93,-,0
923,P014690-ZZ-AVG,컵 불닭볶음면,,삼양식품,2017,가공식품,유탕면,P014690,식약처 산업체제공('17),120,576.0,-,12.38,20.59,86.4,1.31,1296,0,10.22,-,0
925,P014694-ZZ-AVG,큰컵 간짬뽕,,삼양식품,2017,가공식품,유탕면,P014694,식약처 산업체제공('17),80,252.93,-,5.5,9.73,35.97,3.1,597.31,0,4.29,-,0
926,P014695-ZZ-AVG,큰컵 나가사끼짬뽕,,삼양식품,2017,가공식품,유탕면,P014695,식약처 산업체제공('17),120,617.18,-,12.38,20.59,94.61,6.97,2537.1,0,10.94,-,0
927,P014696-ZZ-AVG,큰컵 맛있는라면,,삼양식품,2017,가공식품,유탕면,P014696,식약처 산업체제공('17),112,485.0,-,10,18,71,3,1540,0,9,-,0
928,P014697-ZZ-AVG,큰컵 불닭볶음면,,삼양식품,2017,가공식품,유탕면,P014697,식약처 산업체제공('17),120,582.91,-,12.38,20.59,86.4,1.31,1302.9,0,10.94,-,0
212,P031419-ZZ-AVG,개운한 맛으로 소문난 라면,,삼양식품㈜ 원주공장,2020,가공식품,유탕면,P031419,식약처('20),110,470.0,-,-,-,-,-,-,-,-,-,-
213,P031421-ZZ-AVG,짜장 불닭볶음면,,삼양식품㈜ 원주공장,2020,가공식품,유탕면,P031421,식약처('20),140,560.0,-,13,19,84,8,1420,2.8,9,-,0
266,P031542-ZZ-AVG,삼양라면,,삼양식품㈜ 원주공장,2020,가공식품,유탕면,P031542,식약처('20),120,500.0,-,10,16,79,4,1790,0,8,-,0
271,P031547-ZZ-AVG,큰컵 치즈불닭볶음면,,삼양식품㈜ 원주공장,2020,가공식품,유탕면,P031547,식약처('20),105,430.0,-,9,16,63,5,1000,0,8,-,0
272,P031548-ZZ-AVG,삼양라면 매운맛,,삼양식품㈜ 원주공장,2020,가공식품,유탕면,P031548,식약처('20),120,515.0,-,9,18,79,5,1780,0,9,-,0
278,P031554-ZZ-AVG,핵불닭볶음면,,삼양식품㈜ 원주공장,2020,가공식품,유탕면,P031554,식약처('20),140,555.0,-,12,19,84,6,1450,0,9,-,0
280,P031556-ZZ-AVG,짜장라면,,삼양식품㈜ 원주공장,2020,가공식품,유탕면,P031556,식약처('20),135,530.0,-,14,17,80,6,940,0,8,-,0
285,P031561-ZZ-AVG,치즈불닭볶음면,,삼양식품㈜ 원주공장,2020,가공식품,유탕면,P031561,식약처('20),140,550.0,-,13,18,84,7,1440,0,9,-,0
286,P031563-ZZ-AVG,갓짬뽕,,삼양식품㈜ 원주공장,2020,가공식품,유탕면,P031563,식약처('20),120,490.0,-,9,16,78,3,1850,0,8,-,0
288,P031565-ZZ-AVG,큰컵나가사끼짬뽕,,삼양식품㈜ 원주공장,2020,가공식품,유탕면,P031565,식약처('20),105,445.0,-,9,15,69,4,1620,0,8,-,0
289,P031566-ZZ-AVG,큰컵 커리불닭볶음면,,삼양식품㈜ 원주공장,2020,가공식품,유탕면,P031566,식약처('20),105,425.0,-,9,15,63,6,1000,0,7,-,0
290,P031567-ZZ-AVG,김치찌개면,,삼양식품㈜ 원주공장,2020,가공식품,유탕면,P031567,식약처('20),115,475.0,-,10,15,75,4,1780,0,8,-,0
291,P031568-ZZ-AVG,나가사끼짬뽕,,삼양식품㈜ 원주공장,2020,가공식품,유탕면,P031568,식약처('20),115,475.0,-,10,13,80,4,1670,0,6,-,0
293,P031571-ZZ-AVG,나가사끼홍짬뽕,,삼양식품㈜ 원주공장,2020,가공식품,유탕면,P031571,식약처('20),115,480.0,-,9,14,79,4,1770,7.8,7,-,0
294,P031572-ZZ-AVG,삼양냄비우동,,삼양식품㈜ 원주공장,2020,가공식품,유탕면,P031572,식약처('20),120,510.0,-,10,16,82,5,1790,3,8,-,0
296,P031574-ZZ-AVG,큰컵삼양라면 매운맛,,삼양식품㈜ 원주공장,2020,가공식품,유탕면,P031574,식약처('20),110,485.0,-,9,17,74,4,1630,0,8,-,0
297,P031575-ZZ-AVG,큰컵 와사마요볶음면,,삼양식품㈜ 원주공장,2020,가공식품,유탕면,P031575,식약처('20),115,0.3,-,9,19,66,7,1000,2,8,-,0
298,P031576-ZZ-AVG,갓짜장,,삼양식품㈜ 원주공장,2020,가공식품,유탕면,P031576,식약처('20),130,580.0,-,10,20,90,8,1180,0,10,-,0
304,P035518-ZZ-AVG,튀김 쫄면,,삼양식품㈜ 원주공장,2020,가공식품,유탕면,P035518,식약처('20),140,545.0,-,10,16,90,14,1350,-,8,-,0
315,P037256-ZZ-AVG,국민비빔면,,삼양식품㈜ 원주공장,2020,가공식품,유탕면,P037256,식약처('20),124,520.0,-,8,20,77,8,1340,0,9,-,0
318,P037275-ZZ-AVG,불닭볶음면 P,,삼양식품㈜ 원주공장,2020,가공식품,유탕면,P037275,식약처('20),140,530.0,-,12,16,85,7,1280,0,8,-,0
320,P037301-ZZ-AVG,맛이차이나짜장면,,삼양식품㈜ 원주공장,2020,가공식품,유탕면,P037301,식약처('20),140,545.0,-,13,16,87,6,1180,0,7,-,0
323,P037356-ZZ-AVG,초마짬뽕,,삼양식품㈜ 원주공장,2020,가공식품,유탕면,P037356,식약처('20),125,540.0,-,12,18,82,4,1850,3,8,-,0
325,P037359-ZZ-AVG,삼양라면 골드,,삼양식품㈜ 원주공장,2020,가공식품,유탕면,P037359,식약처('20),120,530.0,-,11,19,79,4,1860,0,9,-,0
327,P037390-ZZ-AVG,이백냥,,삼양식품㈜ 원주공장,2020,가공식품,유탕면,P037390,식약처('20),107,450.0,-,10,15,69,3,1800,0,8,-,0
337,P038412-ZZ-AVG,큰컵 짱구 허니시나몬볶음면,,삼양식품㈜ 원주공장,2020,가공식품,유탕면,P038412,식약처('20),115,460.0,-,11,14,73,12,1030,0,7,-,0
338,P038413-ZZ-AVG,큰컵 쫄볶이 불닭볶음면,,삼양식품㈜ 원주공장,2020,가공식품,유탕면,P038413,식약처('20),120,485.0,-,9,19,69,12,1330,0,9,-,0
347,P038646-ZZ-AVG,도전! 불닭비빔면,,삼양식품㈜ 원주공장,2020,가공식품,유탕면,P038646,식약처('20),140,560.0,-,10,19,87,10,1380,0,9,-,0
349,P038766-ZZ-AVG,큰컵 별뽀빠이 야끼소바볶음면,,삼양식품㈜ 원주공장,2020,가공식품,유탕면,P038766,식약처('20),110,465.0,-,11,19,63,9,1050,5,8,-,0
355,P038906-ZZ-AVG,큰컵 대만식마장면,,삼양식품㈜ 원주공장,2020,가공식품,유탕면,P038906,식약처('20),110,465.0,-,10,19,64,8,1030,0,8,-,0
361,P039042-ZZ-AVG,큰컵 마라탕면,,삼양식품㈜ 원주공장,2020,가공식품,유탕면,P039042,식약처('20),115,450.0,-,11,16,66,8,1720,0,7,-,0
364,P039106-ZZ-AVG,큰컵 까르보불닭볶음면,,삼양식품㈜ 원주공장,2020,가공식품,유탕면,P039106,식약처('20),105,470.0,-,7,21,63,7,1190,0,11,-,0
365,P039107-ZZ-AVG,큰컵 미트스파게티 불닭볶음면,,삼양식품㈜ 원주공장,2020,가공식품,유탕면,P039107,식약처('20),110,430.0,-,11,14,65,7,1200,0,7,-,0
367,P039113-ZZ-AVG,큰컵 불닭볶음탕면,,삼양식품㈜ 원주공장,2020,가공식품,유탕면,P039113,식약처('20),120,455.0,-,9,16,69,7,1500,0,8,-,0
375,P039353-ZZ-AVG,큰컵 짜장불닭볶음면,,삼양식품㈜ 원주공장,2020,가공식품,유탕면,P039353,식약처('20),105,425.0,-,10,15,63,6,1000,2,7,-,0
376,P039357-ZZ-AVG,큰컵 신림동백순대볶음면,,삼양식품㈜ 원주공장,2020,가공식품,유탕면,P039357,식약처('20),110,485.0,-,9,24,58,6,1240,0,11,-,0
390,P039547-ZZ-AVG,강릉교동반점짬뽕,,삼양식품㈜ 원주공장,2020,가공식품,유탕면,P039547,식약처('20),110,470.0,-,9,16,72,6,1670,11,8,-,0
391,P039662-ZZ-AVG,컵까르보불닭볶음면,,삼양식품㈜ 원주공장,2020,가공식품,유탕면,P039662,식약처('20),80,355.0,-,5,16,48,5,910,0,8,-,0
393,P039679-ZZ-AVG,큰컵 불타는 고추짜장,,삼양식품㈜ 원주공장,2020,가공식품,유탕면,P039679,식약처('20),110,470.0,-,11,20,61,5,1150,0,8,-,0
394,P039689-ZZ-AVG,까르보불닭볶음면 P,,삼양식품㈜ 원주공장,2020,가공식품,유탕면,P039689,식약처('20),130,550.0,-,8,20,84,5,1330,0,10,-,0
414,P040081-ZZ-AVG,큰컵 튀김칼국수,,삼양식품㈜ 원주공장,2020,가공식품,유탕면,P040081,식약처('20),95,420.0,-,9,15,62,4,1270,0,8,-,0
433,P040101-ZZ-AVG,큰컵 삼양라면 오리지널,,삼양식품㈜ 원주공장,2020,가공식품,유탕면,P040101,식약처('20),110,470.0,-,9,15,75,4,1800,0,8,-,0
434,P040102-ZZ-AVG,큰컵 김치찌개면,,삼양식품㈜ 원주공장,2020,가공식품,유탕면,P040102,식약처('20),110,470.0,-,9,16,73,4,1830,0,8,-,0
442,P040449-ZZ-AVG,봉골라면,,삼양식품㈜ 원주공장,2020,가공식품,유탕면,P040449,식약처('20),95,425.0,-,8,17,60,3,1100,0,7,-,0
446,P040459-ZZ-AVG,큰컵 쇠고기면,,삼양식품㈜ 원주공장,2020,가공식품,유탕면,P040459,식약처('20),80,345.0,-,7,13,50,3,1460,0,7,-,0
447,P040460-ZZ-AVG,국민컵라면,,삼양식품㈜ 원주공장,2020,가공식품,유탕면,P040460,식약처('20),85,370.0,-,7,14,54,3,1490,0,7,-,0
450,P040463-ZZ-AVG,컵육개장,,삼양식품㈜ 원주공장,2020,가공식품,유탕면,P040463,식약처('20),86,380.0,-,14,14,56,3,1590,0,7,-,0
457,P040477-ZZ-AVG,큰컵 불타는 고추짬뽕,,삼양식품㈜ 원주공장,2020,가공식품,유탕면,P040477,식약처('20),95,425.0,-,8,17,60,3,1720,0,8,-,0
458,P040478-ZZ-AVG,큰컵 삼계탕면,,삼양식품㈜ 원주공장,2020,가공식품,유탕면,P040478,식약처('20),100,430.0,-,9,14,67,3,1580,3,7,-,0
466,P040487-ZZ-AVG,화끈라면,,삼양식품㈜ 원주공장,2020,가공식품,유탕면,P040487,식약처('20),95,395.0,-,8,13,62,3,1900,0,7,-,0
469,P040717-ZZ-AVG,부셔먹는라면스낵짜짜로니,,삼양식품㈜ 원주공장,2020,가공식품,유탕면,P040717,식약처('20),84,390.0,-,7,15,57,2,720,0,8,-,0
473,P040929-ZZ-AVG,컵삼양라면 매운맛,,삼양식품㈜ 원주공장,2020,가공식품,유탕면,P040929,식약처('20),65,275.0,-,5,10,41,2,1220,0,5,-,0
474,P040930-ZZ-AVG,컵 삼양라면 오리지널,,삼양식품㈜ 원주공장,2020,가공식품,유탕면,P040930,식약처('20),65,295.0,-,5,12,42,2,1160,0,6,-,0
475,P040931-ZZ-AVG,컵나가사끼짬뽕,,삼양식품㈜ 원주공장,2020,가공식품,유탕면,P040931,식약처('20),65,300.0,-,6,12,42,2,1320,0,6,-,0
482,P040947-ZZ-AVG,공화춘 유산슬라면,,삼양식품㈜ 원주공장,2020,가공식품,유탕면,P040947,식약처('20),100,440.0,-,10,15,66,2,1120,5,7,-,0
488,P040956-ZZ-AVG,YOUUS인생라면,,삼양식품㈜ 원주공장,2020,가공식품,유탕면,P040956,식약처('20),115,490.0,-,10,16,77,2,1800,0,8,-,0
277,P031553-ZZ-AVG,까르보불닭볶음면,,삼양식품㈜ 익산공장,2020,가공식품,유탕면,P031553,식약처('20),130,550.0,-,8,20,84,5,1330,0,10,-,0
108,P078789-ZZ-AVG,부산매운어묵라면,,삼양식품(주)원주공장,2021,가공식품,유탕면,P078789,식약처('21),110,475.0,-,11,14,76,3,1810,29,7,-,0
109,P078790-ZZ-AVG,시원한 두껍라면,,삼양식품(주)원주공장,2021,가공식품,유탕면,P078790,식약처('21),105,450.0,-,9,15,70,5,1850,0,4,-,0
110,P078791-ZZ-AVG,요린이의 보글보글 된장라면,,삼양식품(주)원주공장,2021,가공식품,유탕면,P078791,식약처('21),110,465.0,-,10,14,75,3,1390,3.6,7,-,0
111,P078792-ZZ-AVG,치킨이타고있어요,,삼양식품(주)원주공장,2021,가공식품,유탕면,P078792,식약처('21),115,455.0,-,11,13,73,6,1210,0,6,-,0
118,P078799-ZZ-AVG,크리스피어니언 미고랭,,삼양식품(주)원주공장,2021,가공식품,유탕면,P078799,식약처('21),90,415.0,-,8,18,55,3,1210,0,8,-,0
123,P078804-ZZ-AVG,큰컵 미원라면,,삼양식품(주)원주공장,2021,가공식품,유탕면,P078804,식약처('21),105,460.0,-,9,15,72,3,1630,0,7,-,0
129,P078810-ZZ-AVG,큰컵 삼양라면골드,,삼양식품(주)원주공장,2021,가공식품,유탕면,P078810,식약처('21),105,445.0,-,9,14,71,3,1690,3.4,7,-,0
133,P078814-ZZ-AVG,큰컵 쯔유간장우동,,삼양식품(주)원주공장,2021,가공식품,유탕면,P078814,식약처('21),130,490.0,-,11,16,75,8,1620,0,8,-,0
136,P078817-ZZ-AVG,큰컵 크림까르보불닭볶음면,,삼양식품(주)원주공장,2021,가공식품,유탕면,P078817,식약처('21),120,480.0,-,10,17,72,10,1270,5,9,-,0
140,P078821-ZZ-AVG,큰컵 4가지치즈불닭볶음면,,삼양식품(주)원주공장,2021,가공식품,유탕면,P078821,식약처('21),110,445.0,-,11,15,67,9,1550,4.9,7,-,0
141,P080409-ZZ-AVG,진경여행라면 얼큰한맛,,엔와이(주),2021,가공식품,유탕면,P080409,식약처('21),258,185.0,-,3,6,30,1,900,3,1.6,-,0
331,P037510-ZZ-AVG,진경여행라면 짬뽕맛,,엔와이(주),2020,가공식품,유탕면,P037510,식약처('20),44,185.0,-,3,6,30,1,910,3,1.6,-,0
142,P080789-ZZ-AVG,Gamer'z cup 힐러 고기짬뽕,,오뚜기라면(주),2021,가공식품,유탕면,P080789,식약처('21),145,450.0,-,13,16,68,4,1690,15,7,-,0
143,P080790-ZZ-AVG,MAC&CHEESE 스파게티,,오뚜기라면(주),2021,가공식품,유탕면,P080790,식약처('21),130,425.0,-,10,17,58,8,1390,3,8,-,0
144,P080791-ZZ-AVG,THE매운맛라면,,오뚜기라면(주),2021,가공식품,유탕면,P080791,식약처('21),110,500.0,-,12,20,68,3,1720,0,10,-,0
145,P080792-ZZ-AVG,굴진짬뽕 용기,,오뚜기라면(주),2021,가공식품,유탕면,P080792,식약처('21),110,455.0,-,8,17,67,5,1340,5,7,-,0
146,P080793-ZZ-AVG,깻잎라면,,오뚜기라면(주),2021,가공식품,유탕면,P080793,식약처('21),95,425.0,-,9,16,61,3,1700,0,8,-,0
147,P080794-ZZ-AVG,꽃게랑면,,오뚜기라면(주),2021,가공식품,유탕면,P080794,식약처('21),100,435.0,-,9,14,68,5,1530,0,7,-,0
148,P080795-ZZ-AVG,대파라면,,오뚜기라면(주),2021,가공식품,유탕면,P080795,식약처('21),105,475.0,-,10,20,64,5,1750,0,10,-,0
149,P080796-ZZ-AVG,떡라면,,오뚜기라면(주),2021,가공식품,유탕면,P080796,식약처('21),140,495.0,-,10,12,87,6,1690,0,7,-,0
150,P080797-ZZ-AVG,라면볶이,,오뚜기라면(주),2021,가공식품,유탕면,P080797,식약처('21),120,465.0,-,8,13,79,13,900,0,7,-,0
151,P080798-ZZ-AVG,부산어묵탕라면,,오뚜기라면(주),2021,가공식품,유탕면,P080798,식약처('21),100,430.0,-,10,14,66,10,1810,5,7,-,0
152,P080799-ZZ-AVG,부자될라면,,오뚜기라면(주),2021,가공식품,유탕면,P080799,식약처('21),118,490.0,-,9,16,78,9,910,0,6,-,0
153,P080800-ZZ-AVG,송송썰린 김치가 푸짐한 김치찌개라면,,오뚜기라면(주),2021,가공식품,유탕면,P080800,식약처('21),105,455.0,-,10,16,68,5,1830,0,8,-,0
154,P080801-ZZ-AVG,송탄 영빈루 짜장,,오뚜기라면(주),2021,가공식품,유탕면,P080801,식약처('21),125,530.0,-,11,18,81,6,1290,0,8,-,0
155,P080802-ZZ-AVG,송탄 영빈루 짬뽕,,오뚜기라면(주),2021,가공식품,유탕면,P080802,식약처('21),120,470.0,-,10,16,72,5,1670,5,8,-,0
156,P080803-ZZ-AVG,쇠고기미역국라면Cup,,오뚜기라면(주),2021,가공식품,유탕면,P080803,식약처('21),60,235.0,-,5,9,34,1,1030,2,4,-,0
157,P080804-ZZ-AVG,순후추라면 매운맛,,오뚜기라면(주),2021,가공식품,유탕면,P080804,식약처('21),105,475.0,-,9,19,47,6,1790,0,9,-,0
158,P080805-ZZ-AVG,순후추라면 사골곰탕맛,,오뚜기라면(주),2021,가공식품,유탕면,P080805,식약처('21),105,470.0,-,10,17,69,3,1770,2.7,9,-,0
159,P080806-ZZ-AVG,스낵면 Cup,,오뚜기라면(주),2021,가공식품,유탕면,P080806,식약처('21),62,265.0,-,5,9,41,3,1200,0,3.4,-,0
160,P080807-ZZ-AVG,스낵면용기,,오뚜기라면(주),2021,가공식품,유탕면,P080807,식약처('21),90,425.0,-,8,20,53,3,1680,0,10,-,0
161,P080808-ZZ-AVG,스파게티용기,,오뚜기라면(주),2021,가공식품,유탕면,P080808,식약처('21),120,480.0,-,9,17,73,8,730,0,8,-,0
162,P080809-ZZ-AVG,열라면Cup,,오뚜기라면(주),2021,가공식품,유탕면,P080809,식약처('21),62,272.0,-,6,8,44,3,1200,0,3.5,-,0
163,P080810-ZZ-AVG,오뚜기 리얼치즈라면,,오뚜기라면(주),2021,가공식품,유탕면,P080810,식약처('21),120,480.0,-,10,17,72,7,1370,5,9,-,0
164,P080811-ZZ-AVG,오뚜기 볶음진짬뽕,,오뚜기라면(주),2021,가공식품,유탕면,P080811,식약처('21),110,450.0,-,9,16,67,8,1000,10,7,-,0
165,P080812-ZZ-AVG,오뚜기 부대찌개라면,,오뚜기라면(주),2021,가공식품,유탕면,P080812,식약처('21),115,450.0,-,12,13,71,6,1840,5,7,-,0
166,P080813-ZZ-AVG,오뚜기 북엇국라면,,오뚜기라면(주),2021,가공식품,유탕면,P080813,식약처('21),95,425.0,-,11,15,61,4,1320,15,8,-,0
167,P080814-ZZ-AVG,오뚜기 새우탕면,,오뚜기라면(주),2021,가공식품,유탕면,P080814,식약처('21),110,470.0,-,11,15,73,2,1650,7,8,-,0
168,P080815-ZZ-AVG,오뚜기 유부우동,,오뚜기라면(주),2021,가공식품,유탕면,P080815,식약처('21),100,445.0,-,11,17,62,7,1580,5,7,-,0
169,P080816-ZZ-AVG,오뚜기 진라면 순한맛,,오뚜기라면(주),2021,가공식품,유탕면,P080816,식약처('21),110,495.0,-,11,18,72,3,1490,0,10,-,0
170,P080817-ZZ-AVG,오뚜기 진짜장,,오뚜기라면(주),2021,가공식품,유탕면,P080817,식약처('21),115,480.0,-,10,16,74,7,990,5,7,-,0
171,P080818-ZZ-AVG,오뚜기 진짬뽕,,오뚜기라면(주),2021,가공식품,유탕면,P080818,식약처('21),115,485.0,-,9,21,65,6,1790,5,9,-,0
172,P080819-ZZ-AVG,오뚜기 참깨라면,,오뚜기라면(주),2021,가공식품,유탕면,P080819,식약처('21),110,495.0,-,9,20,70,4,1590,15,8,-,0
173,P080820-ZZ-AVG,오뚜기 철판뽀끼,,오뚜기라면(주),2021,가공식품,유탕면,P080820,식약처('21),125,530.0,-,9,21,76,13,1260,0,9,-,0
174,P080821-ZZ-AVG,오뚜기 크림진짬뽕,,오뚜기라면(주),2021,가공식품,유탕면,P080821,식약처('21),105,460.0,-,8,19,67,5,970,25,9,-,0
175,P080822-ZZ-AVG,오뚜기김치면,,오뚜기라면(주),2021,가공식품,유탕면,P080822,식약처('21),105,450.0,-,9,14,72,4,1440,0,7,-,0
176,P080823-ZZ-AVG,오뚜기쇠고기미역국라면,,오뚜기라면(주),2021,가공식품,유탕면,P080823,식약처('21),100,425.0,-,10,17,58,2,1390,3,8,-,0
177,P080824-ZZ-AVG,오뚜기열라면,,오뚜기라면(주),2021,가공식품,유탕면,P080824,식약처('21),105,460.0,-,10,16,69,3,1520,0,8,-,0
178,P080825-ZZ-AVG,오뚜기오동통면,,오뚜기라면(주),2021,가공식품,유탕면,P080825,식약처('21),100,430.0,-,7,13,71,3,1500,0,7,-,0
179,P080826-ZZ-AVG,오뚜기육개장,,오뚜기라면(주),2021,가공식품,유탕면,P080826,식약처('21),110,490.0,-,10,18,72,3,1540,0,10,-,0
180,P080827-ZZ-AVG,오뚜기진라면매운맛,,오뚜기라면(주),2021,가공식품,유탕면,P080827,식약처('21),110,500.0,-,10,18,74,6,1490,0,10,-,0
181,P080828-ZZ-AVG,오뚜기진진짜라,,오뚜기라면(주),2021,가공식품,유탕면,P080828,식약처('21),120,515.0,-,11,19,75,7,1310,6,8,-,0
182,P080829-ZZ-AVG,오뚜기카레면 용기,,오뚜기라면(주),2021,가공식품,유탕면,P080829,식약처('21),110,450.0,-,8,15,71,9,1480,5,8,-,0
183,P080830-ZZ-AVG,오라면CUP,,오뚜기라면(주),2021,가공식품,유탕면,P080830,식약처('21),90,400.0,-,9,14,60,4,1470,0,7,-,0
184,P080831-ZZ-AVG,오모리부대찌개라면,,오뚜기라면(주),2021,가공식품,유탕면,P080831,식약처('21),135,435.0,-,11,18,57,5,1770,9,8,-,0
185,P080832-ZZ-AVG,오모리참치찌개라면,,오뚜기라면(주),2021,가공식품,유탕면,P080832,식약처('21),135,420.0,-,10,17,57,5,1890,5,8,-,0
186,P080833-ZZ-AVG,완면각 짬뽕,,오뚜기라면(주),2021,가공식품,유탕면,P080833,식약처('21),105,410.0,-,9,14,62,4,1890,10,7,-,0
187,P080834-ZZ-AVG,유부우동Cup,,오뚜기라면(주),2021,가공식품,유탕면,P080834,식약처('21),62,275.0,-,7,10,39,5,960,3.4,4.4,-,0
189,P080836-ZZ-AVG,인생라면,,오뚜기라면(주),2021,가공식품,유탕면,P080836,식약처('21),95,405.0,-,9,13,63,4,1780,0,7,-,0
190,P080837-ZZ-AVG,제주마늘라면,,오뚜기라면(주),2021,가공식품,유탕면,P080837,식약처('21),105,470.0,-,10,16,71,4,1450,0,8,-,0
191,P080838-ZZ-AVG,종가집김치찌개라면,,오뚜기라면(주),2021,가공식품,유탕면,P080838,식약처('21),140,455.0,-,10,18,63,6,1720,5,9,-,0
192,P080839-ZZ-AVG,진라면Cup매운맛,,오뚜기라면(주),2021,가공식품,유탕면,P080839,식약처('21),65,280.0,-,6,9,44,3,1140,0,3.5,-,0
193,P080840-ZZ-AVG,진라면Cup순한맛,,오뚜기라면(주),2021,가공식품,유탕면,P080840,식약처('21),65,280.0,-,7,9,43,3,1170,0,3.5,-,0
194,P080841-ZZ-AVG,진짜장 Cup,,오뚜기라면(주),2021,가공식품,유탕면,P080841,식약처('21),70,305.0,-,6,11,44,4,600,0,5,-,0
195,P080842-ZZ-AVG,진짬뽕cup,,오뚜기라면(주),2021,가공식품,유탕면,P080842,식약처('21),75,300.0,-,6,11,44,3,1140,10,3.7,-,0
196,P080843-ZZ-AVG,짜계치,,오뚜기라면(주),2021,가공식품,유탕면,P080843,식약처('21),105,470.0,-,11,17,68,9,1250,10,9,-,0
197,P080844-ZZ-AVG,짜라볶이,,오뚜기라면(주),2021,가공식품,유탕면,P080844,식약처('21),130,530.0,-,12,15,87,12,990,0,7,-,0
198,P080845-ZZ-AVG,짜장볶이,,오뚜기라면(주),2021,가공식품,유탕면,P080845,식약처('21),120,535.0,-,11,19,80,9,870,0,8,-,0
199,P080846-ZZ-AVG,참깨누룽지탕면,,오뚜기라면(주),2021,가공식품,유탕면,P080846,식약처('21),125,560.0,-,11,19,86,3,1550,19,8,-,0
200,P080847-ZZ-AVG,참깨라면 CUP,,오뚜기라면(주),2021,가공식품,유탕면,P080847,식약처('21),65,285.0,-,6,11,41,3,1310,30,3.9,-,0
201,P080848-ZZ-AVG,청양고추라면,,오뚜기라면(주),2021,가공식품,유탕면,P080848,식약처('21),97,430.0,-,8,15,66,6,1690,0,9,-,0
202,P080849-ZZ-AVG,치즈맛라면,,오뚜기라면(주),2021,가공식품,유탕면,P080849,식약처('21),91,380.0,-,7,12,61,4,1390,8,10,-,0.3
203,P080850-ZZ-AVG,치즈볶이,,오뚜기라면(주),2021,가공식품,유탕면,P080850,식약처('21),95,430.0,-,9,16,63,6,1180,2.5,8,-,0
204,P080851-ZZ-AVG,치즈볶이CUP,,오뚜기라면(주),2021,가공식품,유탕면,P080851,식약처('21),55,235.0,-,4,7,39,3,700,0,3,-,0
205,P080852-ZZ-AVG,튀김우동,,오뚜기라면(주),2021,가공식품,유탕면,P080852,식약처('21),110,490.0,-,10,16,76,5,1580,0,8,-,0
206,P080853-ZZ-AVG,하트시그널 짜라볶이,,오뚜기라면(주),2021,가공식품,유탕면,P080853,식약처('21),100,410.0,-,9,12,67,8,760,0,6,-,0
207,P080854-ZZ-AVG,하트시그널 치즈게티,,오뚜기라면(주),2021,가공식품,유탕면,P080854,식약처('21),100,420.0,-,8,14,66,7,670,0,7,-,0
208,P080855-ZZ-AVG,희망줄라면,,오뚜기라면(주),2021,가공식품,유탕면,P080855,식약처('21),95,430.0,-,9,16,62,4,1770,0,8,-,0
209,P080856-ZZ-AVG,오뚜기 케챂볶음면,,오뚜기라면(주),2021,가공식품,유탕면,P080856,식약처('21),125,510.0,-,8,15,86,17,1090,0,7,-,0
210,P080857-ZZ-AVG,오뚜기 열려라참깨라면,,오뚜기라면(주),2021,가공식품,유탕면,P080857,식약처('21),110,500.0,-,10,19,72,5,1710,15,9,-,0
301,P035101-ZZ-AVG,오뚜기카레면,,오뚜기라면㈜,2020,가공식품,유탕면,P035101,식약처('20),130,515.0,-,-,-,-,130,1560,-,8,-,0
302,P035102-ZZ-AVG,오뚜기뿌셔뿌셔(양념치킨맛),,오뚜기라면㈜,2020,가공식품,유탕면,P035102,식약처('20),90,415.0,-,-,-,-,5,920,-,6,-,0
303,P035122-ZZ-AVG,쇠고기미역국라면,,오뚜기라면㈜,2020,가공식품,유탕면,P035122,식약처('20),115,445.0,-,-,-,-,2,1800,-,8,-,0
310,P035525-ZZ-AVG,와사비진짜쫄면,,오뚜기라면㈜,2020,가공식품,유탕면,P035525,식약처('20),154,565.0,-,10,18,91,18,1310,-,9,-,0
311,P035527-ZZ-AVG,리얼치즈라면,,오뚜기라면㈜,2020,가공식품,유탕면,P035527,식약처('20),135,525.0,-,11,17,82,6,1570,-,8,-,0
317,P037274-ZZ-AVG,진진짜라,,오뚜기라면㈜,2020,가공식품,유탕면,P037274,식약처('20),135,540.0,-,13,16,86,7,1190,9,8,-,0
322,P037347-ZZ-AVG,오뚜기김치라면,,오뚜기라면㈜,2020,가공식품,유탕면,P037347,식약처('20),120,525.0,-,10,17,83,5,1730,0,10,-,0
341,P038475-ZZ-AVG,MAC&TOMATO 스파게티,,오뚜기라면㈜,2020,가공식품,유탕면,P038475,식약처('20),165,490.0,-,10,15,79,12,1150,4,7,-,0
359,P038915-ZZ-AVG,치즈게티,,오뚜기라면㈜,2020,가공식품,유탕면,P038915,식약처('20),130,530.0,-,11,16,86,8,900,2.5,8,-,0
363,P039101-ZZ-AVG,도시어부 해물짜장,,오뚜기라면㈜,2020,가공식품,유탕면,P039101,식약처('20),100,435.0,-,8,17,63,7,790,4.2,7,-,0
371,P039250-ZZ-AVG,그렇다면 양파감자라면,,오뚜기라면㈜,2020,가공식품,유탕면,P039250,식약처('20),100,435.0,-,9,15,66,7,1710,0,8,-,0
373,P039255-ZZ-AVG,밥말라 부대찌개라면,,오뚜기라면㈜,2020,가공식품,유탕면,P039255,식약처('20),146,455.0,-,10,17,66,7,1890,10,9,-,0
380,P039530-ZZ-AVG,도시어부 해물짬뽕,,오뚜기라면㈜,2020,가공식품,유탕면,P039530,식약처('20),100,435.0,-,10,19,56,6,1790,2.9,8,-,0
382,P039532-ZZ-AVG,THE매운맛라면 치즈맛,,오뚜기라면㈜,2020,가공식품,유탕면,P039532,식약처('20),110,510.0,-,12,21,68,6,1800,5,11,-,0
395,P039862-ZZ-AVG,유부우동CUP,,오뚜기라면㈜,2020,가공식품,유탕면,P039862,식약처('20),62,275.0,-,7,10,39,5,960,3.4,4.4,-,0
405,P040064-ZZ-AVG,현대홈쇼핑생활라면백짬뽕,,오뚜기라면㈜,2020,가공식품,유탕면,P040064,식약처('20),75,325.0,-,6,14,44,4,1050,2,5,-,0
413,P040080-ZZ-AVG,감동의신 속찬라면,,오뚜기라면㈜,2020,가공식품,유탕면,P040080,식약처('20),115,475.0,-,12,18,66,4,1380,10,9,-,0
440,P040447-ZZ-AVG,진짬뽕CUP,,오뚜기라면㈜,2020,가공식품,유탕면,P040447,식약처('20),75,300.0,-,6,11,44,3,1140,10,3.7,-,0
441,P040448-ZZ-AVG,열라면CUP,,오뚜기라면㈜,2020,가공식품,유탕면,P040448,식약처('20),62,270.0,-,6,8,44,3,1200,0,3.5,-,0
470,P040722-ZZ-AVG,오뚜기뿌셔뿌셔(허팝치킨맛),,오뚜기라면㈜,2020,가공식품,유탕면,P040722,식약처('20),90,410.0,-,8,15,61,2,750,0,6,-,0
471,P040926-ZZ-AVG,현대홈쇼핑 생활라면 매운맛,,오뚜기라면㈜,2020,가공식품,유탕면,P040926,식약처('20),65,275.0,-,6,9,43,2,1310,0,3.5,-,0
486,P040953-ZZ-AVG,오뚜기 쇠고기미역국라면,,오뚜기라면㈜,2020,가공식품,유탕면,P040953,식약처('20),100,425.0,-,10,17,58,2,1390,3,8,-,0
495,P042012-ZZ-AVG,진짜장CUP,,오뚜기라면㈜,2020,가공식품,유탕면,P042012,식약처('20),70,310.0,-,6,12,44,4,600,5,5,-,0
500,P042030-ZZ-AVG,제주해녀해물맛라면,,오뚜기라면㈜,2020,가공식품,유탕면,P042030,식약처('20),95,420.0,-,9,15,62,4,1660,3.6,8,-,0
511,P042071-ZZ-AVG,그렇다면 버섯마늘라면,,오뚜기라면㈜,2020,가공식품,유탕면,P042071,식약처('20),105,415.0,-,7,14,65,3,1660,0,7,-,0
518,P042123-ZZ-AVG,쇠고기미역국라면CUP,,오뚜기라면㈜,2020,가공식품,유탕면,P042123,식약처('20),60,235.0,-,5,9,34,1,1030,2,4,-,0
520,P042192-ZZ-AVG,진비빔면,,오뚜기라면㈜,2020,가공식품,유탕면,P042192,식약처('20),156,625.0,-,11,23,98,15,1400,0,11,-,0
539,P042276-ZZ-AVG,오뚜기 크림진짬뽕 용기,,오뚜기라면㈜,2020,가공식품,유탕면,P042276,식약처('20),105,460.0,-,8,19,67,5,970,25,9,-,0
565,P023574-ZZ-AVG,진라면(매운맛),,오뚜기라면㈜,2019,가공식품,유탕면,P023574,식약처('19),120,500.0,-,11,15,80,4.6,1860,0,8,-,0
573,P023582-ZZ-AVG,진라면(순한맛),,오뚜기라면㈜,2019,가공식품,유탕면,P023582,식약처('19),120,500.0,-,12,15,79,4,1880,0,8,-,0
584,P023593-ZZ-AVG,스낵면,,오뚜기라면㈜,2019,가공식품,유탕면,P023593,식약처('19),108,475.0,-,10,17,70,4,1710,0,9,-,0
589,P023598-ZZ-AVG,열라면(120-봉지),,오뚜기라면㈜,2019,가공식품,유탕면,P023598,식약처('19),120,515.0,-,11,17,79,5,1830,0,8,-,0
592,P023601-ZZ-AVG,진짬뽕,,오뚜기라면㈜,2019,가공식품,유탕면,P023601,식약처('19),130,500.0,-,10,16,79,7,1780,28,7,-,0
594,P023603-ZZ-AVG,진짜쫄면,,오뚜기라면㈜,2019,가공식품,유탕면,P023603,식약처('19),150,560.0,-,10,18,90,18,1250,0,9,-,0
595,P023604-ZZ-AVG,오뚜기 오동통면 얼큰한맛,,오뚜기라면㈜,2019,가공식품,유탕면,P023604,식약처('19),120,510.0,-,9,16,82,4,1690,0,8,-,0
614,P023623-ZZ-AVG,굴진짬뽕,,오뚜기라면㈜,2019,가공식품,유탕면,P023623,식약처('19),130,530.0,-,10,17,84,4,1850,5,8,-,0
618,P023627-ZZ-AVG,북경짜장,,오뚜기라면㈜,2019,가공식품,유탕면,P023627,식약처('19),135,580.0,-,14,19,88,6,1150,0,9,-,0
621,P023630-ZZ-AVG,진짜장,,오뚜기라면㈜,2019,가공식품,유탕면,P023630,식약처('19),135,530.0,-,12,13,91,7,1100,0,7,-,0
632,P023641-ZZ-AVG,메밀비빔면,,오뚜기라면㈜,2019,가공식품,유탕면,P023641,식약처('19),130,535.0,-,11,18,83,15,1080,0,9,-,0
634,P023643-ZZ-AVG,오뚜기뿌셔뿌셔(불고기맛),,오뚜기라면㈜,2019,가공식품,유탕면,P023643,식약처('19),90,440.0,-,9,16,65,4,980,0,6,-,0
654,P023663-ZZ-AVG,오뚜기뿌셔뿌셔(바베큐맛),,오뚜기라면㈜,2019,가공식품,유탕면,P023663,식약처('19),90,410.0,-,8,15,61,4,950,0,6,-,0
665,P023675-ZZ-AVG,함흥비빔면,,오뚜기라면㈜,2019,가공식품,유탕면,P023675,식약처('19),135,570.0,-,14,27,68,12,1250,0,12,-,0
671,P023682-ZZ-AVG,콩국수라면,,오뚜기라면㈜,2019,가공식품,유탕면,P023682,식약처('19),135,570.0,-,20,20,77,4,1100,0,8,-,0
674,P023685-ZZ-AVG,오뚜기 스파게티,,오뚜기라면㈜,2019,가공식품,유탕면,P023685,식약처('19),150,560.0,-,14,15,92,12,1230,0,7,-,0
682,P023693-ZZ-AVG,춘천막국수,,오뚜기라면㈜,2019,가공식품,유탕면,P023693,식약처('19),130,505.0,-,13,20,68,14,1070,0,9,-,0
684,P023695-ZZ-AVG,부대찌개라면,,오뚜기라면㈜,2019,가공식품,유탕면,P023695,식약처('19),130,515.0,-,14,15,81,7,1790,5,7,-,0
703,P023714-ZZ-AVG,팥칼국수,,오뚜기라면㈜,2019,가공식품,유탕면,P023714,식약처('19),120,485.0,-,12,11,85,15,1310,0,5,-,0
743,P023754-ZZ-AVG,라면사리얇은면,,오뚜기라면㈜,2019,가공식품,유탕면,P023754,식약처('19),110,495.0,-,10,20,69,1,490,67,0,-,0
747,P023758-ZZ-AVG,오뚜기뿌셔뿌셔(떡볶이맛),,오뚜기라면㈜,2019,가공식품,유탕면,P023758,식약처('19),90,415.0,-,8,15,62,4,820,0,6,-,0
761,P023772-ZZ-AVG,라면사리굵은면,,오뚜기라면㈜,2019,가공식품,유탕면,P023772,식약처('19),110,470.0,-,10,15,74,1,570,0,8,-,0
767,P023778-ZZ-AVG,짜계치 매운맛,,오뚜기라면㈜,2019,가공식품,유탕면,P023778,식약처('19),105,465.0,-,11,17,67,8,1020,10,9,-,0
768,P023779-ZZ-AVG,뿌셔뿌셔 불고기맛,,오뚜기라면㈜,2019,가공식품,유탕면,P023779,식약처('19),95,440.0,-,9,16,65,4,980,0,6,-,0
792,P001811-ZZ-AVG,춘천 막국수,,오뚜기라면㈜,2018,가공식품,유탕면,P001811,식약처 영양실태조사('18),130,505.0,-,13,20,68,14,1070,0,9,-,0
793,P001812-ZZ-AVG,진라면 순한맛,,오뚜기라면㈜,2018,가공식품,유탕면,P001812,식약처 영양실태조사('18),120,500.0,-,12,15,79,4,1880,0,8,-,-
804,P001094-ZZ-AVG,진라면 매운맛,,오뚜기라면㈜,2017,가공식품,유탕면,P001094,식약처 영양실태조사('17),120,500.0,-,-,-,-,5,1860,-,-,-,-
817,P010464-ZZ-AVG,열라면,,오뚜기라면㈜,2017,가공식품,유탕면,P010464,식약처 산업체제공('17),120,515.0,-,11,17,79,5,1830,0,8,-,0
944,P016845-ZZ-AVG,라면이라면,,오뚜기라면㈜,2017,가공식품,유탕면,P016845,식약처 영양실태조사('17),115,490.0,-,-,-,-,5,1690,-,-,-,-
772,P028824-ZZ-AVG,자연드림비빔면,,자연드림,2019,가공식품,유탕면,P028824,식약처('19),133,555.0,-,10,22,81,11,1200,-,7,-,-
773,P028825-ZZ-AVG,자연드림감자라면,,자연드림,2019,가공식품,유탕면,P028825,식약처('19),113,530.0,-,15,23,65,3,1650,-,8,-,-
774,P028826-ZZ-AVG,자연드림라면레드,,자연드림,2019,가공식품,유탕면,P028826,식약처('19),112,480.0,-,11,16,72,7,1760,-,7,-,-
777,P028829-ZZ-AVG,안심짜장면,,자연드림,2019,가공식품,유탕면,P028829,식약처('19),138,580.0,-,11,21,88,12,1170,-,9,-,-
779,P028831-ZZ-AVG,자연드림유기농라면,,자연드림,2019,가공식품,유탕면,P028831,식약처('19),114,530.0,-,9,21,75,3,1070,-,8,-,-
780,P028832-ZZ-AVG,자연드림라면,,자연드림,2019,가공식품,유탕면,P028832,식약처('19),111,505.0,-,11,18,76,2,1840,-,8,-,-
783,P028835-ZZ-AVG,자연드림사골라면,,자연드림,2019,가공식품,유탕면,P028835,식약처('19),112,495.0,-,11,17,74,4,1670,-,8,-,-
784,P028836-ZZ-AVG,자연드림사리면,,자연드림,2019,가공식품,유탕면,P028836,식약처('19),100,435.0,-,11,14,67,1,470,-,6,-,-
785,P028837-ZZ-AVG,자연드림콩국수라면,,자연드림,2019,가공식품,유탕면,P028837,식약처('19),142,650.0,-,20,26,84,3,1100,-,11,-,-
786,P028838-ZZ-AVG,자연드림해물라면,,자연드림,2019,가공식품,유탕면,P028838,식약처('19),113,515.0,-,12,18,77,3,1807,-,8,-,-
787,P028839-ZZ-AVG,자연드림해물볶음면,,자연드림,2019,가공식품,유탕면,P028839,식약처('19),114,505.0,-,12,19,73,10,1080,-,8,-,-
788,P028840-ZZ-AVG,자연드림채소라면,,자연드림,2019,가공식품,유탕면,P028840,식약처('19),116,505.0,-,11,17,77,6,1880,-,8,-,-
789,P028841-ZZ-AVG,자연드림해물라면컵,,자연드림,2019,가공식품,유탕면,P028841,식약처('19),105,480.0,-,9,19,67,4,1540,-,9,-,-
468,P040489-ZZ-AVG,제주 흑돼지 라면 돗멘,,조이팜에프앤비(주),2020,가공식품,유탕면,P040489,식약처('20),110,476.0,-,15,15,71,3,1836,2,7,-,0
851,P014364-ZZ-AVG,메밀비빔면 오뚜기라면,,주식회사 오뚜기,2017,가공식품,유탕면,P014364,식약처 산업체제공('17),130,535.0,-,11,18,83,15,1080,0,9,-,0
858,P014447-ZZ-AVG,뿌셔뿌셔 불고기맛 오뚜기라면,,주식회사 오뚜기,2017,가공식품,유탕면,P014447,식약처 산업체제공('17),95,415.0,-,7,15.5,62,2,770,0,6,-,0
859,P014448-ZZ-AVG,뿌셔뿌셔 양념치킨맛 오뚜기라면,,주식회사 오뚜기,2017,가공식품,유탕면,P014448,식약처 산업체제공('17),90,410.0,-,8,15,61,4,920,0,6,-,0
873,P014490-ZZ-AVG,스낵면 미니컵,,주식회사 오뚜기,2017,가공식품,유탕면,P014490,식약처 산업체제공('17),62,265.0,-,5,9,41,3,1200,0,3.4,-,0
888,P014538-ZZ-AVG,열라면 오뚜기라면,,주식회사 오뚜기,2017,가공식품,유탕면,P014538,식약처 산업체제공('17),120,604.8,-,14.4,18.72,93.6,6,2203.2,0,10.08,-,0
890,P014542-ZZ-AVG,열떡볶이면,,주식회사 오뚜기,2017,가공식품,유탕면,P014542,식약처 산업체제공('17),140,470.0,-,9,10,86,13,800,0,4.9,-,0
891,P014543-ZZ-AVG,진라면 용기,,주식회사 오뚜기,2017,가공식품,유탕면,P014543,식약처 산업체제공('17),110,500.0,-,10,18,47,6,1540,0,10,-,0
892,P014545-ZZ-AVG,카레라면,,주식회사 오뚜기,2017,가공식품,유탕면,P014545,식약처 산업체제공('17),86,385.0,-,9,15,54,3,1470,0,8,-,0
898,P014618-ZZ-AVG,육개장 소형 오뚜기라면,,주식회사 오뚜기,2017,가공식품,유탕면,P014618,식약처 산업체제공('17),120,468.0,-,10.08,17.28,67.68,3.93,1857.6,0,8.64,-,0
909,P014658-ZZ-AVG,진라면 컵 매운맛,,주식회사 오뚜기,2017,가공식품,유탕면,P014658,식약처 산업체제공('17),65,280.0,-,6,9,44,3,1140,0,3.5,-,0
910,P014659-ZZ-AVG,진라면 컵 순한맛,,주식회사 오뚜기,2017,가공식품,유탕면,P014659,식약처 산업체제공('17),65,280.0,-,6,9,44,3,1280,0,3.5,-,0
917,P014669-ZZ-AVG,참깨라면 컵,,주식회사 오뚜기,2017,가공식품,유탕면,P014669,식약처 산업체제공('17),110,450.0,-,9,16,67,2,1640,30,6,-,0
920,P014687-ZZ-AVG,컵누들 매콤한맛,,주식회사 오뚜기,2017,가공식품,유탕면,P014687,식약처 산업체제공('17),37,117.46,-,0.98,0,28.39,2.94,871.16,0,0,-,0
921,P014688-ZZ-AVG,컵누들 우동맛,,주식회사 오뚜기,2017,가공식품,유탕면,P014688,식약처 산업체제공('17),38,119.69,-,1.99,0.5,26.93,2.99,887.66,0,0,-,0
806,P001150-ZZ-AVG,미고랭 페다스 핫라면,,코르방라오산피브이티㈜,2017,가공식품,유탕면,P001150,식약처 영양실태조사('17),80,380.0,-,-,-,-,7,2,-,-,-,-
